school,conference,athletics_domain,platform,url_2026,url_2025,url_2024,url_2023,url_2022,notes
Amherst College,NESCAC,athletics.amherst.edu,sidearm,https://athletics.amherst.edu/sports/baseball/stats/2026,https://athletics.amherst.edu/sports/baseball/stats/2025,https://athletics.amherst.edu/sports/baseball/stats/2024,https://athletics.amherst.edu/sports/baseball/stats/2023,https://athletics.amherst.edu/sports/baseball/stats/2022,pattern confirmed via search
Bates College,NESCAC,gobatesbobcats.com,sidearm,https://gobatesbobcats.com/sports/baseball/stats/2026,https://gobatesbobcats.com/sports/baseball/stats/2025,https://gobatesbobcats.com/sports/baseball/stats/2024,https://gobatesbobcats.com/sports/baseball/stats/2023,https://gobatesbobcats.com/sports/baseball/stats/2022,pattern confirmed via search
Bowdoin College,NESCAC,athletics.bowdoin.edu,sidearm,https://athletics.bowdoin.edu/sports/baseball/stats/2026,https://athletics.bowdoin.edu/sports/baseball/stats/2025,https://athletics.bowdoin.edu/sports/baseball/stats/2024,https://athletics.bowdoin.edu/sports/baseball/stats/2023,https://athletics.bowdoin.edu/sports/baseball/stats/2022,pattern confirmed via search
Colby College,NESCAC,colbyathletics.com,sidearm,https://colbyathletics.com/sports/baseball/stats/2026,https://colbyathletics.com/sports/baseball/stats/2025,https://colbyathletics.com/sports/baseball/stats/2024,https://colbyathletics.com/sports/baseball/stats/2023,https://colbyathletics.com/sports/baseball/stats/2022,pattern confirmed via search
Hamilton College,NESCAC,athletics.hamilton.edu,sidearm,https://athletics.hamilton.edu/sports/baseball/stats/2026,https://athletics.hamilton.edu/sports/baseball/stats/2025,https://athletics.hamilton.edu/sports/baseball/stats/2024,https://athletics.hamilton.edu/sports/baseball/stats/2023,https://athletics.hamilton.edu/sports/baseball/stats/2022,pattern confirmed via search
Middlebury College,NESCAC,athletics.middlebury.edu,sidearm,https://athletics.middlebury.edu/sports/baseball/stats/2026,https://athletics.middlebury.edu/sports/baseball/stats/2025,https://athletics.middlebury.edu/sports/baseball/stats/2024,https://athletics.middlebury.edu/sports/baseball/stats/2023,https://athletics.middlebury.edu/sports/baseball/stats/2022,pattern confirmed via search
Trinity College (CT),NESCAC,bantamsports.com,sidearm,https://bantamsports.com/sports/baseball/stats/2026,https://bantamsports.com/sports/baseball/stats/2025,https://bantamsports.com/sports/baseball/stats/2024,https://bantamsports.com/sports/baseball/stats/2023,https://bantamsports.com/sports/baseball/stats/2022,pattern confirmed via search
Tufts University,NESCAC,gotuftsjumbos.com,sidearm,https://gotuftsjumbos.com/sports/baseball/stats/2026,https://gotuftsjumbos.com/sports/baseball/stats/2025,https://gotuftsjumbos.com/sports/baseball/stats/2024,https://gotuftsjumbos.com/sports/baseball/stats/2023,https://gotuftsjumbos.com/sports/baseball/stats/2022,pattern confirmed via search
Wesleyan University,NESCAC,athletics.wesleyan.edu,sidearm,https://athletics.wesleyan.edu/sports/baseball/stats/2026,https://athletics.wesleyan.edu/sports/baseball/stats/2025,https://athletics.wesleyan.edu/sports/baseball/stats/2024,https://athletics.wesleyan.edu/sports/baseball/stats/2023,https://athletics.wesleyan.edu/sports/baseball/stats/2022,pattern confirmed via search
Williams College,NESCAC,ephsports.williams.edu,sidearm,https://ephsports.williams.edu/sports/baseball/stats/2026,https://ephsports.williams.edu/sports/baseball/stats/2025,https://ephsports.williams.edu/sports/baseball/stats/2024,https://ephsports.williams.edu/sports/baseball/stats/2023,https://ephsports.williams.edu/sports/baseball/stats/2022,pattern confirmed via search
Babson College,NEWMAC,babsonathletics.com,sidearm,https://babsonathletics.com/sports/baseball/stats/2026,https://babsonathletics.com/sports/baseball/stats/2025,https://babsonathletics.com/sports/baseball/stats/2024,https://babsonathletics.com/sports/baseball/stats/2023,https://babsonathletics.com/sports/baseball/stats/2022,pattern confirmed via search
Clark University,NEWMAC,clarkathletics.com,sidearm,https://clarkathletics.com/sports/baseball/stats/2026,https://clarkathletics.com/sports/baseball/stats/2025,https://clarkathletics.com/sports/baseball/stats/2024,https://clarkathletics.com/sports/baseball/stats/2023,https://clarkathletics.com/sports/baseball/stats/2022,pattern confirmed via search
U.S. Coast Guard Academy,NEWMAC,coastguardathletics.com,sidearm,https://coastguardathletics.com/sports/baseball/stats/2026,https://coastguardathletics.com/sports/baseball/stats/2025,https://coastguardathletics.com/sports/baseball/stats/2024,https://coastguardathletics.com/sports/baseball/stats/2023,https://coastguardathletics.com/sports/baseball/stats/2022,pattern confirmed via search
Emerson College,NEWMAC,emersonlions.com,sidearm,https://emersonlions.com/sports/baseball/stats/2026,https://emersonlions.com/sports/baseball/stats/2025,https://emersonlions.com/sports/baseball/stats/2024,https://emersonlions.com/sports/baseball/stats/2023,https://emersonlions.com/sports/baseball/stats/2022,pattern confirmed via search
MIT,NEWMAC,mitathletics.com,sidearm,https://mitathletics.com/sports/baseball/stats/2026,https://mitathletics.com/sports/baseball/stats/2025,https://mitathletics.com/sports/baseball/stats/2024,https://mitathletics.com/sports/baseball/stats/2023,https://mitathletics.com/sports/baseball/stats/2022,pattern confirmed via search
Salve Regina University,NEWMAC,salveathletics.com,sidearm,https://salveathletics.com/sports/baseball/stats/2026,https://salveathletics.com/sports/baseball/stats/2025,https://salveathletics.com/sports/baseball/stats/2024,https://salveathletics.com/sports/baseball/stats/2023,https://salveathletics.com/sports/baseball/stats/2022,in CNE through 2024; joined NEWMAC 2025
Springfield College,NEWMAC,springfieldcollegepride.com,sidearm,https://springfieldcollegepride.com/sports/baseball/stats/2026,https://springfieldcollegepride.com/sports/baseball/stats/2025,https://springfieldcollegepride.com/sports/baseball/stats/2024,https://springfieldcollegepride.com/sports/baseball/stats/2023,https://springfieldcollegepride.com/sports/baseball/stats/2022,pattern confirmed via search
Wheaton College (MA),NEWMAC,wheatoncollegelyons.com,sidearm,https://wheatoncollegelyons.com/sports/baseball/stats/2026,https://wheatoncollegelyons.com/sports/baseball/stats/2025,https://wheatoncollegelyons.com/sports/baseball/stats/2024,https://wheatoncollegelyons.com/sports/baseball/stats/2023,https://wheatoncollegelyons.com/sports/baseball/stats/2022,do not confuse with athletics.wheaton.edu (Wheaton IL)
Worcester Polytechnic Institute,NEWMAC,athletics.wpi.edu,sidearm,https://athletics.wpi.edu/sports/baseball/stats/2026,https://athletics.wpi.edu/sports/baseball/stats/2025,https://athletics.wpi.edu/sports/baseball/stats/2024,https://athletics.wpi.edu/sports/baseball/stats/2023,https://athletics.wpi.edu/sports/baseball/stats/2022,pattern confirmed via search
Anna Maria College,MASCAC,goamcats.com,presto,https://goamcats.com/sports/bsb/2025-26/teams/annamaria,https://thegnac.com/sports/bsb/2024-25/teams/annamaria?tmpl=teaminfo-network-monospace-template&sort=ab&pos=h,https://thegnac.com/sports/bsb/2023-24/teams/annamaria?tmpl=teaminfo-network-monospace-template&sort=ab&pos=h,https://thegnac.com/sports/bsb/2022-23/teams/annamaria?tmpl=teaminfo-network-monospace-template&sort=ab&pos=h,https://thegnac.com/sports/bsb/2021-22/teams/annamaria?tmpl=teaminfo-network-monospace-template&sort=ab&pos=h,in GNAC through 2025; slug confirmed
Bridgewater State University,MASCAC,www.bsubears.com,presto,https://www.bsubears.com/sports/bsb/2025-26/teams/bridgewaterst?tmpl=teaminfo-network-monospace-template&sort=ab&pos=h,https://www.bsubears.com/sports/bsb/2024-25/teams/bridgewaterst?tmpl=teaminfo-network-monospace-template&sort=ab&pos=h,https://www.bsubears.com/sports/bsb/2023-24/teams/bridgewaterst?tmpl=teaminfo-network-monospace-template&sort=ab&pos=h,https://www.bsubears.com/sports/bsb/2022-23/teams/bridgewaterst?tmpl=teaminfo-network-monospace-template&sort=ab&pos=h,https://www.bsubears.com/sports/bsb/2021-22/teams/bridgewaterst?tmpl=teaminfo-network-monospace-template&sort=ab&pos=h,slug confirmed on mascac.com; also mirrored at mascac.com
Fitchburg State University,MASCAC,www.fitchburgfalcons.com,presto,https://www.mascac.com/sports/bsb/2025-26/teams/fitchburgst?tmpl=teaminfo-network-monospace-template&sort=ab&pos=h,https://www.mascac.com/sports/bsb/2024-25/teams/fitchburgst?tmpl=teaminfo-network-monospace-template&sort=ab&pos=h,https://www.mascac.com/sports/bsb/2023-24/teams/fitchburgst?tmpl=teaminfo-network-monospace-template&sort=ab&pos=h,https://www.fitchburgfalcons.com/sports/bsb/2022-23/teams/fitchburgst,https://www.fitchburgfalcons.com/sports/bsb/2021-22/teams/fitchburgst,pattern confirmed via search
Framingham State University,MASCAC,www.fsurams.com,presto,https://www.mascac.com/sports/bsb/2025-26/teams/framinghamst?tmpl=teaminfo-network-monospace-template&sort=ab&pos=h,https://www.mascac.com/sports/bsb/2024-25/teams/framinghamst?tmpl=teaminfo-network-monospace-template&sort=ab&pos=h,https://www.mascac.com/sports/bsb/2023-24/teams/framinghamst?tmpl=teaminfo-network-monospace-template&sort=ab&pos=h,https://www.mascac.com/sports/bsb/2022-23/teams/framinghamst?tmpl=teaminfo-network-monospace-template&sort=ab&pos=h,https://www.mascac.com/sports/bsb/2021-22/teams/framinghamst?tmpl=teaminfo-network-monospace-template&sort=ab&pos=h,pattern confirmed via search; also mirrored at mascac.com
Massachusetts Maritime Academy,MASCAC,www.mmabucs.com,presto,https://www.mmabucs.com/sports/bsb/2025-26/teams/massmaritime,https://www.mmabucs.com/sports/bsb/2024-25/teams/massmaritime,https://www.mascac.com/sports/bsb/2023-24/teams/massmaritime?tmpl=teaminfo-network-monospace-template&sort=ab&pos=h,https://www.mmabucs.com/sports/bsb/2022-23/teams/massmaritime,https://www.mascac.com/sports/bsb/2021-22/teams/massmaritime?tmpl=teaminfo-network-monospace-template&sort=ab&pos=h,pattern confirmed via search; also mirrored at mascac.com
MCLA (Massachusetts College of Liberal Arts),MASCAC,athletics.mcla.edu,presto,https://www.mascac.com/sports/bsb/2025-26/teams/mcla?tmpl=teaminfo-network-monospace-template&sort=ab&pos=h,https://www.mascac.com/sports/bsb/2024-25/teams/mcla?tmpl=teaminfo-network-monospace-template&sort=ab&pos=h,https://www.mascac.com/sports/bsb/2023-24/teams/mcla?tmpl=teaminfo-network-monospace-template&sort=ab&pos=h,https://www.mascac.com/sports/bsb/2022-23/teams/mcla?tmpl=teaminfo-network-monospace-template&sort=ab&pos=h,https://www.mascac.com/sports/bsb/2021-22/teams/mcla?tmpl=teaminfo-network-monospace-template&sort=ab&pos=h,pattern confirmed via search
Salem State University,MASCAC,salemstatevikings.com,presto,https://www.mascac.com/sports/bsb/2025-26/teams/salemst?tmpl=teaminfo-network-monospace-template&sort=ab&pos=h,https://salemstatevikings.com/sports/bsb/2024-25/teams/salemst,https://www.mascac.com/sports/bsb/2023-24/teams/salemst?tmpl=teaminfo-network-monospace-template&sort=ab&pos=h,https://www.mascac.com/sports/bsb/2022-23/teams/salemst?tmpl=teaminfo-network-monospace-template&sort=ab&pos=h,https://www.mascac.com/sports/bsb/2021-22/teams/salemst?tmpl=teaminfo-network-monospace-template&sort=ab&pos=h,do not confuse with salemtigers.com (Salem Univ. WV)
Westfield State University,MASCAC,westfieldstateowls.com,presto,https://www.mascac.com/sports/bsb/2025-26/teams/westfieldst?tmpl=teaminfo-network-monospace-template&sort=ab&pos=h,https://www.mascac.com/sports/bsb/2024-25/teams/westfieldst?tmpl=teaminfo-network-monospace-template&sort=ab&pos=h,https://www.mascac.com/sports/bsb/2023-24/teams/westfieldst?tmpl=teaminfo-network-monospace-template&sort=ab&pos=h,https://www.mascac.com/sports/bsb/2022-23/teams/westfieldst?tmpl=teaminfo-network-monospace-template&sort=ab&pos=h,https://www.mascac.com/sports/bsb/2021-22/teams/westfieldst?tmpl=teaminfo-network-monospace-template&sort=ab&pos=h,pattern confirmed via search
Worcester State University,MASCAC,www.wsulancers.com,presto,https://www.mascac.com/sports/bsb/2025-26/teams/worcesterst?tmpl=teaminfo-network-monospace-template&sort=ab&pos=h,https://www.mascac.com/sports/bsb/2024-25/teams/worcesterst?tmpl=teaminfo-network-monospace-template&sort=ab&pos=h,https://www.mascac.com/sports/bsb/2023-24/teams/worcesterst?tmpl=teaminfo-network-monospace-template&sort=ab&pos=h,https://www.mascac.com/sports/bsb/2022-23/teams/worcesterst?tmpl=teaminfo-network-monospace-template&sort=ab&pos=h,https://www.mascac.com/sports/bsb/2021-22/teams/worcesterst?tmpl=teaminfo-network-monospace-template&sort=ab&pos=h,pattern confirmed via search
Eastern Connecticut State University,Little East,gowarriorathletics.com,sidearm,https://gowarriorathletics.com/sports/baseball/stats/2026,https://gowarriorathletics.com/sports/baseball/stats/2025,https://gowarriorathletics.com/sports/baseball/stats/2024,https://gowarriorathletics.com/sports/baseball/stats/2023,https://gowarriorathletics.com/sports/baseball/stats/2022,confirmed via search
Keene State College,Little East,keeneowls.com,sidearm,https://keeneowls.com/sports/baseball/stats/2026,https://keeneowls.com/sports/baseball/stats/2025,https://keeneowls.com/sports/baseball/stats/2024,https://keeneowls.com/sports/baseball/stats/2023,https://keeneowls.com/sports/baseball/stats/2022,confirmed via search
UMass Boston,Little East,beaconsathletics.com,sidearm,https://beaconsathletics.com/sports/baseball/stats/2026,https://beaconsathletics.com/sports/baseball/stats/2025,https://beaconsathletics.com/sports/baseball/stats/2024,https://beaconsathletics.com/sports/baseball/stats/2023,https://beaconsathletics.com/sports/baseball/stats/2022,confirmed via search
UMass Dartmouth,Little East,corsairathletics.com,sidearm,https://corsairathletics.com/sports/baseball/stats/2026,https://corsairathletics.com/sports/baseball/stats/2025,https://corsairathletics.com/sports/baseball/stats/2024,https://corsairathletics.com/sports/baseball/stats/2023,https://corsairathletics.com/sports/baseball/stats/2022,confirmed via search
Plymouth State University,Little East,athletics.plymouth.edu,sidearm,https://athletics.plymouth.edu/sports/baseball/stats/2026,https://athletics.plymouth.edu/sports/baseball/stats/2025,https://athletics.plymouth.edu/sports/baseball/stats/2024,https://athletics.plymouth.edu/sports/baseball/stats/2023,https://athletics.plymouth.edu/sports/baseball/stats/2022,confirmed via search
Rhode Island College,Little East,goanchormen.com,sidearm,https://www.goanchormen.com/sports/baseball/stats/2026,https://www.goanchormen.com/sports/baseball/stats/2025,https://www.goanchormen.com/sports/baseball/stats/2024,https://www.goanchormen.com/sports/baseball/stats/2023,https://www.goanchormen.com/sports/baseball/stats/2022,confirmed via search
University of Southern Maine,Little East,southernmainehuskies.com,sidearm,https://southernmainehuskies.com/sports/baseball/stats/2026,https://southernmainehuskies.com/sports/baseball/stats/2025,https://southernmainehuskies.com/sports/baseball/stats/2024,https://southernmainehuskies.com/sports/baseball/stats/2023,https://southernmainehuskies.com/sports/baseball/stats/2022,confirmed via search
Vermont State University Castleton,Little East,castletonsports.com,sidearm,https://castletonsports.com/sports/baseball/stats/2026,https://castletonsports.com/sports/baseball/stats/2025,https://castletonsports.com/sports/baseball/stats/2024,https://castletonsports.com/sports/baseball/stats/2023,https://castletonsports.com/sports/baseball/stats/2022,"confirmed; pre-2023 seasons played as Castleton University, same site"
Western Connecticut State University,Little East,westconnathletics.com,sidearm,https://westconnathletics.com/sports/baseball/stats/2026,https://westconnathletics.com/sports/baseball/stats/2025,https://westconnathletics.com/sports/baseball/stats/2024,https://westconnathletics.com/sports/baseball/stats/2023,https://westconnathletics.com/sports/baseball/stats/2022,confirmed via search
Curry College,Conference of New England,curryathletics.com,presto,https://curryathletics.com/sports/bsb/2025-26/teams/curry?tmpl=teaminfo-network-monospace-template&sort=ab&pos=h,https://curryathletics.com/sports/bsb/2024-25/teams/curry?tmpl=teaminfo-network-monospace-template&sort=ab&pos=h,https://curryathletics.com/sports/bsb/2023-24/teams/curry?tmpl=teaminfo-network-monospace-template&sort=ab&pos=h,https://curryathletics.com/sports/bsb/2022-23/teams/curry?tmpl=teaminfo-network-monospace-template&sort=ab&pos=h,https://curryathletics.com/sports/bsb/2021-22/teams/curry?tmpl=teaminfo-network-monospace-template&sort=ab&pos=h,confirmed via search
Endicott College,Conference of New England,ecgulls.com,presto,https://ecgulls.com/sports/bsb/2025-26/teams/endicott?tmpl=teaminfo-network-monospace-template&sort=ab&pos=h,https://ecgulls.com/sports/bsb/2024-25/teams/endicott?tmpl=teaminfo-network-monospace-template&sort=ab&pos=h,https://ecgulls.com/sports/bsb/2023-24/teams/endicott?tmpl=teaminfo-network-monospace-template&sort=ab&pos=h,https://ecgulls.com/sports/bsb/2022-23/teams/endicott?tmpl=teaminfo-network-monospace-template&sort=ab&pos=h,https://ecgulls.com/sports/bsb/2021-22/teams/endicott?tmpl=teaminfo-network-monospace-template&sort=ab&pos=h,confirmed via search
Gordon College,Conference of New England,athletics.gordon.edu,sidearm,https://athletics.gordon.edu/sports/baseball/stats/2026,https://athletics.gordon.edu/sports/baseball/stats/2025,https://athletics.gordon.edu/sports/baseball/stats/2024,https://athletics.gordon.edu/sports/baseball/stats/2023,https://athletics.gordon.edu/sports/baseball/stats/2022,confirmed via search
University of Hartford,Conference of New England,hartfordhawks.com,sidearm,https://hartfordhawks.com/sports/baseball/stats/2026,https://hartfordhawks.com/sports/baseball/stats/2025,https://hartfordhawks.com/sports/baseball/stats/2024,https://hartfordhawks.com/sports/baseball/stats/2023,https://hartfordhawks.com/sports/baseball/stats/2022,"confirmed; 2022-23 seasons played during D1-to-D3 transition, same site"
Johnson & Wales University (RI),Conference of New England,providence.jwuathletics.com,sidearm,https://providence.jwuathletics.com/sports/baseball/stats/2026,https://providence.jwuathletics.com/sports/baseball/stats/2025,https://providence.jwuathletics.com/sports/baseball/stats/2024,https://providence.jwuathletics.com/sports/baseball/stats/2023,https://providence.jwuathletics.com/sports/baseball/stats/2022,"confirmed pattern (stats/2019 seen); Providence subdomain; GNAC member through 2025, joined CNE 2026"
Nichols College,Conference of New England,nicholsathletics.com,sidearm,https://nicholsathletics.com/sports/baseball/stats/2026,https://nicholsathletics.com/sports/baseball/stats/2025,https://nicholsathletics.com/sports/baseball/stats/2024,https://nicholsathletics.com/sports/baseball/stats/2023,https://nicholsathletics.com/sports/baseball/stats/2022,confirmed via search
Roger Williams University,Conference of New England,rwuhawks.com,sidearm,https://rwuhawks.com/sports/baseball/stats/2026,https://rwuhawks.com/sports/baseball/stats/2025,https://rwuhawks.com/sports/baseball/stats/2024,https://rwuhawks.com/sports/baseball/stats/2023,https://rwuhawks.com/sports/baseball/stats/2022,confirmed via search
Suffolk University,Conference of New England,gosuffolkrams.com,presto,https://www.gosuffolkrams.com/sports/bsb/2025-26/teams/suffolk?tmpl=teaminfo-network-monospace-template&sort=ab&pos=h,https://www.gosuffolkrams.com/sports/bsb/2024-25/teams/suffolk?tmpl=teaminfo-network-monospace-template&sort=ab&pos=h,https://www.gosuffolkrams.com/sports/bsb/2023-24/teams/suffolk?tmpl=teaminfo-network-monospace-template&sort=ab&pos=h,https://www.gosuffolkrams.com/sports/bsb/2022-23/teams/suffolk?tmpl=teaminfo-network-monospace-template&sort=ab&pos=h,https://www.gosuffolkrams.com/sports/bsb/2021-22/teams/suffolk?tmpl=teaminfo-network-monospace-template&sort=ab&pos=h,confirmed via search
Wentworth Institute of Technology,Conference of New England,wentworthathletics.com,presto,https://www.wentworthathletics.com/sports/bsb/2025-26/teams/wentworth?tmpl=teaminfo-network-monospace-template&sort=ab&pos=h,https://www.wentworthathletics.com/sports/bsb/2024-25/teams/wentworth?tmpl=teaminfo-network-monospace-template&sort=ab&pos=h,https://www.wentworthathletics.com/sports/bsb/2023-24/teams/wentworth?tmpl=teaminfo-network-monospace-template&sort=ab&pos=h,https://www.wentworthathletics.com/sports/bsb/2022-23/teams/wentworth,https://www.wentworthathletics.com/sports/bsb/2021-22/teams/wentworth?tmpl=teaminfo-network-monospace-template&sort=ab&pos=h,confirmed via search
Western New England University,Conference of New England,wnegoldenbears.com,sidearm,https://wnegoldenbears.com/sports/baseball/stats/2026,https://wnegoldenbears.com/sports/baseball/stats/2025,https://wnegoldenbears.com/sports/baseball/stats/2024,https://wnegoldenbears.com/sports/baseball/stats/2023,https://wnegoldenbears.com/sports/baseball/stats/2022,confirmed via boxscore URL pattern
Albertus Magnus College,GNAC,albertusfalcons.com,presto,https://albertusfalcons.com/sports/bsb/2025-26/teams/albertusmagnus?tmpl=teaminfo-network-monospace-template&sort=ab&pos=h,https://albertusfalcons.com/sports/bsb/2024-25/teams/albertusmagnus?tmpl=teaminfo-network-monospace-template&sort=ab&pos=h,https://albertusfalcons.com/sports/bsb/2023-24/teams/albertusmagnus?tmpl=teaminfo-network-monospace-template&sort=ab&pos=h,https://www.thegnac.com/sports/bsb/2022-23/teams/albertusmagnus?tmpl=teaminfo-network-monospace-template&sort=ab&pos=h,https://albertusfalcons.com/sports/bsb/2021-22/teams/albertusmagnus?tmpl=teaminfo-network-monospace-template&sort=ab&pos=h,school site is Presto; stats URLs use GNAC conference site (confirmed slug)
Colby-Sawyer College,GNAC,colby-sawyerathletics.com,sidearm,https://www.colby-sawyerathletics.com/sports/baseball/stats/2026,https://www.colby-sawyerathletics.com/sports/baseball/stats/2025,https://www.colby-sawyerathletics.com/sports/baseball/stats/2024,https://www.colby-sawyerathletics.com/sports/baseball/stats/2023,https://www.colby-sawyerathletics.com/sports/baseball/stats/2022,confirmed via search
Dean College,GNAC,deanbulldogs.com,sidearm,https://deanbulldogs.com/sports/baseball/stats/2026,https://deanbulldogs.com/sports/baseball/stats/2025,https://deanbulldogs.com/sports/baseball/stats/2024,https://deanbulldogs.com/sports/baseball/stats/2023,https://deanbulldogs.com/sports/baseball/stats/2022,confirmed via search
Elms College,GNAC,ecblazers.com,presto,https://www.ecblazers.com/sports/bsb/2025-26/teams/elms,https://www.thegnac.com/sports/bsb/2024-25/teams/elms?tmpl=teaminfo-network-monospace-template&sort=ab&pos=h,https://www.thegnac.com/sports/bsb/2023-24/teams/elms?tmpl=teaminfo-network-monospace-template&sort=ab&pos=h,https://www.thegnac.com/sports/bsb/2022-23/teams/elms?tmpl=teaminfo-network-monospace-template&sort=ab&pos=h,https://www.thegnac.com/sports/bsb/2021-22/teams/elms?tmpl=teaminfo-network-monospace-template&sort=ab&pos=h,confirmed via search
Lasell University,GNAC,laserpride.lasell.edu,presto,https://www.thegnac.com/sports/bsb/2025-26/teams/lasell?tmpl=teaminfo-network-monospace-template&sort=ab&pos=h,https://www.thegnac.com/sports/bsb/2024-25/teams/lasell?tmpl=teaminfo-network-monospace-template&sort=ab&pos=h,https://www.thegnac.com/sports/bsb/2023-24/teams/lasell?tmpl=teaminfo-network-monospace-template&sort=ab&pos=h,https://www.thegnac.com/sports/bsb/2022-23/teams/lasell?tmpl=teaminfo-network-monospace-template&sort=ab&pos=h,https://www.thegnac.com/sports/bsb/2021-22/teams/lasell?tmpl=teaminfo-network-monospace-template&sort=ab&pos=h,confirmed via search (2023-24 team page seen)
Mitchell College,GNAC,mitchellathletics.com,presto,https://www.thegnac.com/sports/bsb/2025-26/teams/mitchell?tmpl=teaminfo-network-monospace-template&sort=ab&pos=h,https://www.thegnac.com/sports/bsb/2024-25/teams/mitchell?tmpl=teaminfo-network-monospace-template&sort=ab&pos=h,https://www.mitchellathletics.com/sports/bsb/2023-24/teams/mitchell,https://www.mitchellathletics.com/sports/bsb/2022-23/teams/mitchell,https://www.mitchellathletics.com/sports/bsb/2021-22/teams/mitchell,confirmed via search
New England College,GNAC,athletics.nec.edu,sidearm,https://athletics.nec.edu/sports/baseball/stats/2026,https://athletics.nec.edu/sports/baseball/stats/2025,https://athletics.nec.edu/sports/baseball/stats/2024,https://athletics.nec.edu/sports/baseball/stats/2023,https://athletics.nec.edu/sports/baseball/stats/2022,confirmed via search
Norwich University,GNAC,norwichathletics.com,sidearm,https://norwichathletics.com/sports/baseball/stats/2026,https://norwichathletics.com/sports/baseball/stats/2025,https://norwichathletics.com/sports/baseball/stats/2024,https://norwichathletics.com/sports/baseball/stats/2023,https://norwichathletics.com/sports/baseball/stats/2022,confirmed via boxscore URL pattern
Rivier University,GNAC,rivierathletics.com,sidearm,https://rivierathletics.com/sports/baseball/stats/2026,https://rivierathletics.com/sports/baseball/stats/2025,https://rivierathletics.com/sports/baseball/stats/2024,https://rivierathletics.com/sports/baseball/stats/2023,https://rivierathletics.com/sports/baseball/stats/2022,confirmed via boxscore URL pattern
Saint Joseph's College of Maine,GNAC,gomonks.com,sidearm,https://gomonks.com/sports/baseball/stats/2026,https://gomonks.com/sports/baseball/stats/2025,https://gomonks.com/sports/baseball/stats/2024,https://gomonks.com/sports/baseball/stats/2023,https://gomonks.com/sports/baseball/stats/2022,confirmed via search
University of Saint Joseph (CT),GNAC,usjbluejays.com,presto,https://www.thegnac.com/sports/bsb/2025-26/teams/saintjoseph,https://www.thegnac.com/sports/bsb/2024-25/teams/saintjoseph,https://www.thegnac.com/sports/bsb/2023-24/teams/saintjosephconn?tmpl=teaminfo-network-monospace-template&sort=ab&pos=h,https://www.thegnac.com/sports/bsb/2022-23/teams/saintjoseph,https://www.thegnac.com/sports/bsb/2021-22/teams/saintjoseph,school site is Presto but team-stats slug unconfirmed; GNAC-site URLs with guessed slug — verify
Husson University,North Atlantic Conference,hussoneagles.com,sidearm,https://hussoneagles.com/sports/baseball/stats/2026,https://hussoneagles.com/sports/baseball/stats/2025,https://hussoneagles.com/sports/baseball/stats/2024,https://hussoneagles.com/sports/baseball/stats/2023,https://hussoneagles.com/sports/baseball/stats/2022,confirmed via search results
Lesley University,North Atlantic Conference,lesleyathletics.com,presto,https://lesleyathletics.com/sports/bsb/2025-26/teams/lesley,https://lesleyathletics.com/sports/bsb/2024-25/teams/lesley,https://lesleyathletics.com/sports/bsb/2023-24/teams/lesley?tmpl=teaminfo-network-monospace-template&sort=ab&pos=h,https://lesleyathletics.com/sports/bsb/2022-23/teams/lesley,https://lesleyathletics.com/sports/bsb/2021-22/teams/lesley,2025-26/2024-25/2023-24 confirmed; 2021-22 may only exist at athletics.lesley.edu archive
SUNY Cobleskill,North Atlantic Conference,fightingtigers.cobleskill.edu,sidearm,https://fightingtigers.cobleskill.edu/sports/baseball/stats/2026,https://fightingtigers.cobleskill.edu/sports/baseball/stats/2025,https://fightingtigers.cobleskill.edu/sports/baseball/stats/2024,https://fightingtigers.cobleskill.edu/sports/baseball/stats/2023,https://fightingtigers.cobleskill.edu/sports/baseball/stats/2022,Sidearm confirmed via cobleskill.sidearmsports.com stats PDF
Thomas College,North Atlantic Conference,athletics.thomas.edu,sidearm,https://athletics.thomas.edu/sports/baseball/stats/2026,https://athletics.thomas.edu/sports/baseball/stats/2025,https://athletics.thomas.edu/sports/baseball/stats/2024,https://athletics.thomas.edu/sports/baseball/stats/2023,https://athletics.thomas.edu/sports/baseball/stats/2022,confirmed via search results
University of Maine at Farmington,North Atlantic Conference,goumfbeavers.com,sidearm,https://goumfbeavers.com/sports/baseball/stats/2026,https://goumfbeavers.com/sports/baseball/stats/2025,https://goumfbeavers.com/sports/baseball/stats/2024,https://goumfbeavers.com/sports/baseball/stats/2023,https://goumfbeavers.com/sports/baseball/stats/2022,confirmed via search results
University of Maine at Presque Isle,North Atlantic Conference,owls.umpi.edu,sidearm,https://owls.umpi.edu/sports/baseball/stats/2026,https://owls.umpi.edu/sports/baseball/stats/2025,https://owls.umpi.edu/sports/baseball/stats/2024,https://owls.umpi.edu/sports/baseball/stats/2023,https://owls.umpi.edu/sports/baseball/stats/2022,Sidearm confirmed via box score URLs
Vermont State University Lyndon,North Atlantic Conference,vtsuhornets.com,sidearm,https://vtsuhornets.com/sports/baseball/stats/2026,https://vtsuhornets.com/sports/baseball/stats/2025,https://vtsuhornets.com/sports/baseball/stats/2024,https://vtsuhornets.com/sports/baseball/stats/2023,https://vtsuhornets.com/sports/baseball/stats/2022,2022 season predates VTSU rebrand (was Northern Vermont-Lyndon); URL may still resolve
Bard College,Liberty League,bardathletics.com,sidearm,https://bardathletics.com/sports/baseball/stats/2026,https://bardathletics.com/sports/baseball/stats/2025,https://bardathletics.com/sports/baseball/stats/2024,https://bardathletics.com/sports/baseball/stats/2023,https://bardathletics.com/sports/baseball/stats/2022,confirmed via search results
Clarkson University,Liberty League,clarksonathletics.com,sidearm,https://clarksonathletics.com/sports/baseball/stats/2026,https://clarksonathletics.com/sports/baseball/stats/2025,https://clarksonathletics.com/sports/baseball/stats/2024,https://clarksonathletics.com/sports/baseball/stats/2023,https://clarksonathletics.com/sports/baseball/stats/2022,confirmed via search results
Hobart College,Liberty League,hwsathletics.com,sidearm,https://hwsathletics.com/sports/baseball/stats/2026,https://hwsathletics.com/sports/baseball/stats/2025,https://hwsathletics.com/sports/baseball/stats/2024,https://hwsathletics.com/sports/baseball/stats/2023,https://hwsathletics.com/sports/baseball/stats/2022,uses sport slug base not baseball; confirmed via search results
Ithaca College,Liberty League,athletics.ithaca.edu,sidearm,https://athletics.ithaca.edu/sports/baseball/stats/2026,https://athletics.ithaca.edu/sports/baseball/stats/2025,https://athletics.ithaca.edu/sports/baseball/stats/2024,https://athletics.ithaca.edu/sports/baseball/stats/2023,https://athletics.ithaca.edu/sports/baseball/stats/2022,Sidearm confirmed via box score URLs
Rensselaer Polytechnic Institute (RPI),Liberty League,rpiathletics.com,sidearm,https://rpiathletics.com/sports/baseball/stats/2026,https://rpiathletics.com/sports/baseball/stats/2025,https://rpiathletics.com/sports/baseball/stats/2024,https://rpiathletics.com/sports/baseball/stats/2023,https://rpiathletics.com/sports/baseball/stats/2022,Sidearm confirmed via box score URLs
Rochester Institute of Technology (RIT),Liberty League,ritathletics.com,sidearm,https://ritathletics.com/sports/baseball/stats/2026,https://ritathletics.com/sports/baseball/stats/2025,https://ritathletics.com/sports/baseball/stats/2024,https://ritathletics.com/sports/baseball/stats/2023,https://ritathletics.com/sports/baseball/stats/2022,confirmed via search results
Skidmore College,Liberty League,skidmoreathletics.com,sidearm,https://skidmoreathletics.com/sports/baseball/stats/2026,https://skidmoreathletics.com/sports/baseball/stats/2025,https://skidmoreathletics.com/sports/baseball/stats/2024,https://skidmoreathletics.com/sports/baseball/stats/2023,https://skidmoreathletics.com/sports/baseball/stats/2022,2022 stats URL directly confirmed
St. Lawrence University,Liberty League,saintsathletics.com,sidearm,https://saintsathletics.com/sports/baseball/stats/2026,https://saintsathletics.com/sports/baseball/stats/2025,https://saintsathletics.com/sports/baseball/stats/2024,https://saintsathletics.com/sports/baseball/stats/2023,https://saintsathletics.com/sports/baseball/stats/2022,confirmed via search results
Union College,Liberty League,unionathletics.com,sidearm,https://unionathletics.com/sports/baseball/stats/2026,https://unionathletics.com/sports/baseball/stats/2025,https://unionathletics.com/sports/baseball/stats/2024,https://unionathletics.com/sports/baseball/stats/2023,https://unionathletics.com/sports/baseball/stats/2022,Sidearm confirmed via box score URLs
University of Rochester,Liberty League,uofrathletics.com,sidearm,https://uofrathletics.com/sports/baseball/stats/2026,https://uofrathletics.com/sports/baseball/stats/2025,https://uofrathletics.com/sports/baseball/stats/2024,https://uofrathletics.com/sports/baseball/stats/2023,https://uofrathletics.com/sports/baseball/stats/2022,confirmed via search results
Vassar College,Liberty League,www.vassarathletics.com,sidearm,https://www.vassarathletics.com/sports/baseball/stats/2026,https://www.vassarathletics.com/sports/baseball/stats/2025,https://www.vassarathletics.com/sports/baseball/stats/2024,https://www.vassarathletics.com/sports/baseball/stats/2023,https://www.vassarathletics.com/sports/baseball/stats/2022,confirmed via stats PDF URL pattern
Alfred University,Empire 8,gosaxons.com,sidearm,https://gosaxons.com/sports/baseball/stats/2026,https://gosaxons.com/sports/baseball/stats/2025,https://gosaxons.com/sports/baseball/stats/2024,https://gosaxons.com/sports/baseball/stats/2023,https://gosaxons.com/sports/baseball/stats/2022,confirmed via search results; do not confuse with Alfred State
Elmira College,Empire 8,athletics.elmira.edu,sidearm,https://athletics.elmira.edu/sports/baseball/stats/2026,https://athletics.elmira.edu/sports/baseball/stats/2025,https://athletics.elmira.edu/sports/baseball/stats/2024,https://athletics.elmira.edu/sports/baseball/stats/2023,https://athletics.elmira.edu/sports/baseball/stats/2022,confirmed via search results
Hartwick College,Empire 8,www.hartwickhawks.com,sidearm,https://www.hartwickhawks.com/sports/baseball/stats/2026,https://www.hartwickhawks.com/sports/baseball/stats/2025,https://www.hartwickhawks.com/sports/baseball/stats/2024,https://www.hartwickhawks.com/sports/baseball/stats/2023,https://www.hartwickhawks.com/sports/baseball/stats/2022,Sidearm site confirmed via other sports; baseball slug inferred (best guess)
Houghton University,Empire 8,athletics.houghton.edu,sidearm,https://athletics.houghton.edu/sports/baseball/stats/2026,https://athletics.houghton.edu/sports/baseball/stats/2025,https://athletics.houghton.edu/sports/baseball/stats/2024,https://athletics.houghton.edu/sports/baseball/stats/2023,https://athletics.houghton.edu/sports/baseball/stats/2022,confirmed via search results
Keuka College,Empire 8,keukaathletics.com,sidearm,https://keukaathletics.com/sports/baseball/stats/2026,https://keukaathletics.com/sports/baseball/stats/2025,https://keukaathletics.com/sports/baseball/stats/2024,https://keukaathletics.com/sports/baseball/stats/2023,https://keukaathletics.com/sports/baseball/stats/2022,confirmed via search results
Nazareth University,Empire 8,nazathletics.com,sidearm,https://nazathletics.com/sports/baseball/stats/2026,https://nazathletics.com/sports/baseball/stats/2025,https://nazathletics.com/sports/baseball/stats/2024,https://nazathletics.com/sports/baseball/stats/2023,https://nazathletics.com/sports/baseball/stats/2022,Sidearm confirmed via softball stats page; baseball URL inferred from same pattern
Russell Sage College,Empire 8,www.sagegators.com,presto,https://www.sagegators.com/sports/bsb/2025-26/teams/sage?tmpl=teaminfo-network-monospace-template&sort=ab&pos=h,https://www.sagegators.com/sports/bsb/2024-25/teams/sage?tmpl=teaminfo-network-monospace-template&sort=ab&pos=h,https://www.sagegators.com/sports/bsb/2023-24/teams/sage?tmpl=teaminfo-network-monospace-template&sort=ab&pos=h,https://www.sagegators.com/sports/bsb/2022-23/teams/sage?tmpl=teaminfo-network-monospace-template&sort=ab&pos=h,https://www.sagegators.com/sports/bsb/2021-22/teams/sage?tmpl=teaminfo-network-monospace-template&sort=ab&pos=h,"2025-26, 2024-25, 2022-23 confirmed; 2023-24 and 2021-22 inferred"
St. John Fisher University,Empire 8,sjfathletics.com,sidearm,https://sjfathletics.com/sports/baseball/stats/2026,https://sjfathletics.com/sports/baseball/stats/2025,https://sjfathletics.com/sports/baseball/stats/2024,https://sjfathletics.com/sports/baseball/stats/2023,https://sjfathletics.com/sports/baseball/stats/2022,2023 stats URL directly confirmed
SUNY Brockport,Empire 8,gobrockport.com,sidearm,https://gobrockport.com/sports/baseball/stats/2026,https://gobrockport.com/sports/baseball/stats/2025,https://gobrockport.com/sports/baseball/stats/2024,https://gobrockport.com/sports/baseball/stats/2023,https://gobrockport.com/sports/baseball/stats/2022,Sidearm confirmed via box score URLs
SUNY Polytechnic Institute,Empire 8,wildcats.sunypoly.edu,sidearm,https://wildcats.sunypoly.edu/sports/baseball/stats/2026,https://wildcats.sunypoly.edu/sports/baseball/stats/2025,https://wildcats.sunypoly.edu/sports/baseball/stats/2024,https://wildcats.sunypoly.edu/sports/baseball/stats/2023,https://wildcats.sunypoly.edu/sports/baseball/stats/2022,confirmed via search results
Utica University,Empire 8,uticapioneers.com,sidearm,https://uticapioneers.com/sports/baseball/stats/2026,https://uticapioneers.com/sports/baseball/stats/2025,https://uticapioneers.com/sports/baseball/stats/2024,https://uticapioneers.com/sports/baseball/stats/2023,https://uticapioneers.com/sports/baseball/stats/2022,confirmed via search results
SUNY Cortland,SUNYAC,www.cortlandreddragons.com,sidearm,https://www.cortlandreddragons.com/sports/baseball/stats/2026,https://www.cortlandreddragons.com/sports/baseball/stats/2025,https://www.cortlandreddragons.com/sports/baseball/stats/2024,https://www.cortlandreddragons.com/sports/baseball/stats/2023,https://www.cortlandreddragons.com/sports/baseball/stats/2022,confirmed via search (stats/2025 seen)
SUNY Canton,SUNYAC,rooathletics.com,sidearm,https://rooathletics.com/sports/baseball/stats/2026,https://rooathletics.com/sports/baseball/stats/2025,https://rooathletics.com/sports/baseball/stats/2024,https://rooathletics.com/sports/baseball/stats/2023,https://rooathletics.com/sports/baseball/stats/2022,joined SUNYAC in 2025; earlier seasons played in NAC
SUNY Fredonia,SUNYAC,fredoniabluedevils.com,sidearm,https://fredoniabluedevils.com/sports/baseball/stats/2026,https://fredoniabluedevils.com/sports/baseball/stats/2025,https://fredoniabluedevils.com/sports/baseball/stats/2024,https://fredoniabluedevils.com/sports/baseball/stats/2023,https://fredoniabluedevils.com/sports/baseball/stats/2022,also on sunyacsports.com presto site
SUNY New Paltz,SUNYAC,nphawks.com,sidearm,https://nphawks.com/sports/baseball/stats/2026,https://nphawks.com/sports/baseball/stats/2025,https://nphawks.com/sports/baseball/stats/2024,https://nphawks.com/sports/baseball/stats/2023,https://nphawks.com/sports/baseball/stats/2022,confirmed via search
SUNY Oneonta,SUNYAC,oneontaathletics.com,sidearm,https://oneontaathletics.com/sports/baseball/stats/2026,https://oneontaathletics.com/sports/baseball/stats/2025,https://oneontaathletics.com/sports/baseball/stats/2024,https://oneontaathletics.com/sports/baseball/stats/2023,https://oneontaathletics.com/sports/baseball/stats/2022,stats path inferred from confirmed Sidearm site (schedule/2025 seen); also on sunyacsports.com
SUNY Oswego,SUNYAC,oswegolakers.com,sidearm,https://oswegolakers.com/sports/baseball/stats/2026,https://oswegolakers.com/sports/baseball/stats/2025,https://oswegolakers.com/sports/baseball/stats/2024,https://oswegolakers.com/sports/baseball/stats/2023,https://oswegolakers.com/sports/baseball/stats/2022,confirmed via search
SUNY Plattsburgh,SUNYAC,gocardinalsports.com,sidearm,https://gocardinalsports.com/sports/baseball/stats/2026,https://gocardinalsports.com/sports/baseball/stats/2025,https://gocardinalsports.com/sports/baseball/stats/2024,https://gocardinalsports.com/sports/baseball/stats/2023,https://gocardinalsports.com/sports/baseball/stats/2022,confirmed via search (stats/2025 seen)
Farmingdale State College,Skyline,farmingdalesports.com,sidearm,https://farmingdalesports.com/sports/baseball/stats/2026,https://farmingdalesports.com/sports/baseball/stats/2025,https://farmingdalesports.com/sports/baseball/stats/2024,https://farmingdalesports.com/sports/baseball/stats/2023,https://farmingdalesports.com/sports/baseball/stats/2022,confirmed via search
Manhattanville University,Skyline,govaliants.com,sidearm,https://govaliants.com/sports/baseball/stats/2026,https://govaliants.com/sports/baseball/stats/2025,https://govaliants.com/sports/baseball/stats/2024,https://govaliants.com/sports/baseball/stats/2023,https://govaliants.com/sports/baseball/stats/2022,confirmed via search (stats/2025 seen)
Mount Saint Mary College,Skyline,msmcknights.com,sidearm,https://msmcknights.com/sports/baseball/stats/2026,https://msmcknights.com/sports/baseball/stats/2025,https://msmcknights.com/sports/baseball/stats/2024,https://msmcknights.com/sports/baseball/stats/2023,https://msmcknights.com/sports/baseball/stats/2022,confirmed via search
University of Mount Saint Vincent,Skyline,umsvathletics.com,sidearm,https://umsvathletics.com/sports/baseball/stats/2026,https://umsvathletics.com/sports/baseball/stats/2025,https://umsvathletics.com/sports/baseball/stats/2024,https://umsvathletics.com/sports/baseball/stats/2023,https://umsvathletics.com/sports/baseball/stats/2022,confirmed via search
Purchase College (SUNY),Skyline,www.purchasecollegeathletics.com,sidearm,https://www.purchasecollegeathletics.com/sports/baseball/stats/2026,https://www.purchasecollegeathletics.com/sports/baseball/stats/2025,https://www.purchasecollegeathletics.com/sports/baseball/stats/2024,https://www.purchasecollegeathletics.com/sports/baseball/stats/2023,https://www.purchasecollegeathletics.com/sports/baseball/stats/2022,confirmed via search (stats/2025 seen)
St. Joseph's University - Brooklyn,Skyline,sjbkathletics.com,sidearm,https://sjbkathletics.com/sports/baseball/stats/2026,https://sjbkathletics.com/sports/baseball/stats/2025,https://sjbkathletics.com/sports/baseball/stats/2024,https://sjbkathletics.com/sports/baseball/stats/2023,https://sjbkathletics.com/sports/baseball/stats/2022,confirmed via search
St. Joseph's University - Long Island,Skyline,sjliathletics.com,sidearm,https://sjliathletics.com/sports/baseball/stats/2026,https://sjliathletics.com/sports/baseball/stats/2025,https://sjliathletics.com/sports/baseball/stats/2024,https://sjliathletics.com/sports/baseball/stats/2023,https://sjliathletics.com/sports/baseball/stats/2022,older seasons archived on presto at sjclongisland.prestosports.com/sports/bsb/archive; 2022-2023 may live there
SUNY Maritime College,Skyline,maritimeathletics.com,sidearm,https://maritimeathletics.com/sports/baseball/stats/2026,https://maritimeathletics.com/sports/baseball/stats/2025,https://maritimeathletics.com/sports/baseball/stats/2024,https://maritimeathletics.com/sports/baseball/stats/2023,https://maritimeathletics.com/sports/baseball/stats/2022,confirmed via search
SUNY Old Westbury,Skyline,www.oldwestburypanthers.com,sidearm,https://www.oldwestburypanthers.com/sports/baseball/stats/2026,https://www.oldwestburypanthers.com/sports/baseball/stats/2025,https://www.oldwestburypanthers.com/sports/baseball/stats/2024,https://www.oldwestburypanthers.com/sports/baseball/stats/2023,https://www.oldwestburypanthers.com/sports/baseball/stats/2022,confirmed via search (stats/2025 seen)
U.S. Merchant Marine Academy,Skyline,www.usmmasports.com,sidearm,https://www.usmmasports.com/sports/baseball/stats/2026,https://www.usmmasports.com/sports/baseball/stats/2025,https://www.usmmasports.com/sports/baseball/stats/2024,https://www.usmmasports.com/sports/baseball/stats/2023,https://www.usmmasports.com/sports/baseball/stats/2022,confirmed via search (stats/2025 seen)
Yeshiva University,Skyline,yumacs.com,sidearm,https://yumacs.com/sports/baseball/stats/2026,https://yumacs.com/sports/baseball/stats/2025,https://yumacs.com/sports/baseball/stats/2024,https://yumacs.com/sports/baseball/stats/2023,https://yumacs.com/sports/baseball/stats/2022,confirmed via search (stats/2025 seen)
Baruch College,CUNYAC,athletics.baruch.cuny.edu,sidearm,https://athletics.baruch.cuny.edu/sports/baseball/stats/2026,https://athletics.baruch.cuny.edu/sports/baseball/stats/2025,https://athletics.baruch.cuny.edu/sports/baseball/stats/2024,https://athletics.baruch.cuny.edu/sports/baseball/stats/2023,https://athletics.baruch.cuny.edu/sports/baseball/stats/2022,confirmed via search (stats/2025 and 2026 seen)
City College of New York (CCNY),CUNYAC,ccnyathletics.com,sidearm,https://ccnyathletics.com/sports/baseball/stats/2026,https://ccnyathletics.com/sports/baseball/stats/2025,https://ccnyathletics.com/sports/baseball/stats/2024,https://ccnyathletics.com/sports/baseball/stats/2023,https://ccnyathletics.com/sports/baseball/stats/2022,pattern confirmed via boxscore URLs on ccnyathletics.com
John Jay College,CUNYAC,johnjayathletics.com,sidearm,https://johnjayathletics.com/sports/baseball/stats/2026,https://johnjayathletics.com/sports/baseball/stats/2025,https://johnjayathletics.com/sports/baseball/stats/2024,https://johnjayathletics.com/sports/baseball/stats/2023,https://johnjayathletics.com/sports/baseball/stats/2022,confirmed via search (stats/2025 seen)
Lehman College,CUNYAC,lehmanathletics.com,sidearm,https://lehmanathletics.com/sports/baseball/stats/2026,https://lehmanathletics.com/sports/baseball/stats/2025,https://lehmanathletics.com/sports/baseball/stats/2024,https://lehmanathletics.com/sports/baseball/stats/2023,https://lehmanathletics.com/sports/baseball/stats/2022,pattern confirmed via boxscore URLs on lehmanathletics.com
Cairn University,United East,www.cairnhighlanders.com,sidearm,https://www.cairnhighlanders.com/sports/baseball/stats/2026,https://www.cairnhighlanders.com/sports/baseball/stats/2025,https://www.cairnhighlanders.com/sports/baseball/stats/2024,https://www.cairnhighlanders.com/sports/baseball/stats/2023,https://www.cairnhighlanders.com/sports/baseball/stats/2022,confirmed via search
Keystone College,United East,www.gokcgiants.com,sidearm,https://www.gokcgiants.com/sports/baseball/stats/2026,https://www.gokcgiants.com/sports/baseball/stats/2025,https://www.gokcgiants.com/sports/baseball/stats/2024,https://www.gokcgiants.com/sports/baseball/stats/2023,https://www.gokcgiants.com/sports/baseball/stats/2022,confirmed via search (stats/2023 seen)
Lancaster Bible College,United East,lbcchargers.com,sidearm,https://lbcchargers.com/sports/baseball/stats/2026,https://lbcchargers.com/sports/baseball/stats/2025,https://lbcchargers.com/sports/baseball/stats/2024,https://lbcchargers.com/sports/baseball/stats/2023,https://lbcchargers.com/sports/baseball/stats/2022,confirmed via search
Penn State Abington,United East,abingtonsports.com,sidearm,https://abingtonsports.com/sports/baseball/stats/2026,https://abingtonsports.com/sports/baseball/stats/2025,https://abingtonsports.com/sports/baseball/stats/2024,https://abingtonsports.com/sports/baseball/stats/2023,https://abingtonsports.com/sports/baseball/stats/2022,confirmed via search (stats/2025 seen)
Penn State Berks,United East,psuberksathletics.com,sidearm,https://psuberksathletics.com/sports/baseball/stats/2026,https://psuberksathletics.com/sports/baseball/stats/2025,https://psuberksathletics.com/sports/baseball/stats/2024,https://psuberksathletics.com/sports/baseball/stats/2023,https://psuberksathletics.com/sports/baseball/stats/2022,confirmed via search
Penn State Brandywine,United East,www.psubrandywineathletics.com,presto,https://www.psubrandywineathletics.com/sports/bsb/2025-26/teams/pennstbrandywine?tmpl=teaminfo-network-monospace-template&sort=ab&pos=h,https://www.psubrandywineathletics.com/sports/bsb/2024-25/teams/pennstbrandywine?tmpl=teaminfo-network-monospace-template&sort=ab&pos=h,https://www.psubrandywineathletics.com/sports/bsb/2023-24/teams/pennstbrandywine,https://www.psubrandywineathletics.com/sports/bsb/2022-23/teams/pennstbrandywine,https://www.psubrandywineathletics.com/sports/bsb/2021-22/teams/pennstbrandywine,presto pattern confirmed for 2024-25 and 2025-26; first D3 season 2025 (was USCAA before) so 2022-2024 pages may be sparse or absent
Penn State Harrisburg,United East,psuharrisburgsports.com,sidearm,https://psuharrisburgsports.com/sports/baseball/stats/2026,https://psuharrisburgsports.com/sports/baseball/stats/2025,https://psuharrisburgsports.com/sports/baseball/stats/2024,https://psuharrisburgsports.com/sports/baseball/stats/2023,https://psuharrisburgsports.com/sports/baseball/stats/2022,confirmed via search (stats/2025 seen)
St. Mary's College of Maryland,United East,smcmathletics.com,sidearm,https://smcmathletics.com/sports/baseball/stats/2026,https://smcmathletics.com/sports/baseball/stats/2025,https://smcmathletics.com/sports/baseball/stats/2024,https://smcmathletics.com/sports/baseball/stats/2023,https://smcmathletics.com/sports/baseball/stats/2022,confirmed via search; do not confuse with smcgaels.com (Saint Mary's CA)
Wilson College,United East,wilsonphoenix.com,sidearm,https://wilsonphoenix.com/sports/baseball/stats/2026,https://wilsonphoenix.com/sports/baseball/stats/2025,https://wilsonphoenix.com/sports/baseball/stats/2024,https://wilsonphoenix.com/sports/baseball/stats/2023,https://wilsonphoenix.com/sports/baseball/stats/2022,confirmed via search
Centenary University (NJ),Atlantic East,centenarycyclones.com,sidearm,https://centenarycyclones.com/sports/baseball/stats/2026,https://centenarycyclones.com/sports/baseball/stats/2025,https://centenarycyclones.com/sports/baseball/stats/2024,https://centenarycyclones.com/sports/baseball/stats/2023,https://centenarycyclones.com/sports/baseball/stats/2022,verified via search
Gwynedd Mercy University,Atlantic East,gwyneddathletics.com,sidearm,https://gwyneddathletics.com/sports/baseball/stats/2026,https://gwyneddathletics.com/sports/baseball/stats/2025,https://gwyneddathletics.com/sports/baseball/stats/2024,https://gwyneddathletics.com/sports/baseball/stats/2023,https://gwyneddathletics.com/sports/baseball/stats/2022,verified via search
Immaculata University,Atlantic East,gomightymacs.com,sidearm,https://gomightymacs.com/sports/baseball/stats/2026,https://gomightymacs.com/sports/baseball/stats/2025,https://gomightymacs.com/sports/baseball/stats/2024,https://gomightymacs.com/sports/baseball/stats/2023,https://gomightymacs.com/sports/baseball/stats/2022,verified via search
Marymount University (VA),Atlantic East,marymountsaints.com,sidearm,https://marymountsaints.com/sports/baseball/stats/2026,https://marymountsaints.com/sports/baseball/stats/2025,https://marymountsaints.com/sports/baseball/stats/2024,https://marymountsaints.com/sports/baseball/stats/2023,https://marymountsaints.com/sports/baseball/stats/2022,verified via search
Marywood University,Atlantic East,marywoodpacers.com,sidearm,https://marywoodpacers.com/sports/baseball/stats/2026,https://marywoodpacers.com/sports/baseball/stats/2025,https://marywoodpacers.com/sports/baseball/stats/2024,https://marywoodpacers.com/sports/baseball/stats/2023,https://marywoodpacers.com/sports/baseball/stats/2022,verified via search
Neumann University,Atlantic East,neumannathletics.com,sidearm,https://www.neumannathletics.com/sports/baseball/stats/2026,https://www.neumannathletics.com/sports/baseball/stats/2025,https://www.neumannathletics.com/sports/baseball/stats/2024,https://www.neumannathletics.com/sports/baseball/stats/2023,https://www.neumannathletics.com/sports/baseball/stats/2022,verified via search; site uses www prefix
Saint Elizabeth University,Atlantic East,seueagles.com,sidearm,https://seueagles.com/sports/baseball/stats/2026,https://seueagles.com/sports/baseball/stats/2025,https://seueagles.com/sports/baseball/stats/2024,https://seueagles.com/sports/baseball/stats/2023,https://seueagles.com/sports/baseball/stats/2022,verified via search; listed in United East for 2025 baseball
Dickinson College,Centennial,dickinsonathletics.com,sidearm,https://dickinsonathletics.com/sports/baseball/stats/2026,https://dickinsonathletics.com/sports/baseball/stats/2025,https://dickinsonathletics.com/sports/baseball/stats/2024,https://dickinsonathletics.com/sports/baseball/stats/2023,https://dickinsonathletics.com/sports/baseball/stats/2022,verified via search
Franklin & Marshall College,Centennial,godiplomats.com,sidearm,https://godiplomats.com/sports/baseball/stats/2026,https://godiplomats.com/sports/baseball/stats/2025,https://godiplomats.com/sports/baseball/stats/2024,https://godiplomats.com/sports/baseball/stats/2023,https://godiplomats.com/sports/baseball/stats/2022,verified via search
Gettysburg College,Centennial,gettysburgsports.com,sidearm,https://gettysburgsports.com/sports/baseball/stats/2026,https://gettysburgsports.com/sports/baseball/stats/2025,https://gettysburgsports.com/sports/baseball/stats/2024,https://gettysburgsports.com/sports/baseball/stats/2023,https://gettysburgsports.com/sports/baseball/stats/2022,verified via search
Haverford College,Centennial,haverfordathletics.com,sidearm,https://haverfordathletics.com/sports/baseball/stats/2026,https://haverfordathletics.com/sports/baseball/stats/2025,https://haverfordathletics.com/sports/baseball/stats/2024,https://haverfordathletics.com/sports/baseball/stats/2023,https://haverfordathletics.com/sports/baseball/stats/2022,sidearm schedule URL verified; legacy presto pages exist at /sports/bsb
Johns Hopkins University,Centennial,hopkinssports.com,sidearm,https://hopkinssports.com/sports/baseball/stats/2026,https://hopkinssports.com/sports/baseball/stats/2025,https://hopkinssports.com/sports/baseball/stats/2024,https://hopkinssports.com/sports/baseball/stats/2023,https://hopkinssports.com/sports/baseball/stats/2022,verified via search
McDaniel College,Centennial,mcdanielathletics.com,sidearm,https://mcdanielathletics.com/sports/baseball/stats/2026,https://mcdanielathletics.com/sports/baseball/stats/2025,https://mcdanielathletics.com/sports/baseball/stats/2024,https://mcdanielathletics.com/sports/baseball/stats/2023,https://mcdanielathletics.com/sports/baseball/stats/2022,verified via search
Muhlenberg College,Centennial,muhlenbergsports.com,sidearm,https://muhlenbergsports.com/sports/baseball/stats/2026,https://muhlenbergsports.com/sports/baseball/stats/2025,https://muhlenbergsports.com/sports/baseball/stats/2024,https://muhlenbergsports.com/sports/baseball/stats/2023,https://muhlenbergsports.com/sports/baseball/stats/2022,verified via search
Swarthmore College,Centennial,swarthmoreathletics.com,sidearm,https://swarthmoreathletics.com/sports/baseball/stats/2026,https://swarthmoreathletics.com/sports/baseball/stats/2025,https://swarthmoreathletics.com/sports/baseball/stats/2024,https://swarthmoreathletics.com/sports/baseball/stats/2023,https://swarthmoreathletics.com/sports/baseball/stats/2022,verified via search
Ursinus College,Centennial,ursinusathletics.com,sidearm,https://ursinusathletics.com/sports/baseball/stats/2026,https://ursinusathletics.com/sports/baseball/stats/2025,https://ursinusathletics.com/sports/baseball/stats/2024,https://ursinusathletics.com/sports/baseball/stats/2023,https://ursinusathletics.com/sports/baseball/stats/2022,verified via search; older seasons archived at ursinus.prestosports.com
Washington College,Centennial,washcollsports.com,sidearm,https://washcollsports.com/sports/baseball/stats/2026,https://washcollsports.com/sports/baseball/stats/2025,https://washcollsports.com/sports/baseball/stats/2024,https://washcollsports.com/sports/baseball/stats/2023,https://washcollsports.com/sports/baseball/stats/2022,verified via search
Catholic University of America,Landmark,catholicathletics.com,sidearm,https://catholicathletics.com/sports/baseball/stats/2026,https://catholicathletics.com/sports/baseball/stats/2025,https://catholicathletics.com/sports/baseball/stats/2024,https://catholicathletics.com/sports/baseball/stats/2023,https://catholicathletics.com/sports/baseball/stats/2022,verified via search
Drew University,Landmark,drewrangers.com,sidearm,https://drewrangers.com/sports/baseball/stats/2026,https://drewrangers.com/sports/baseball/stats/2025,https://drewrangers.com/sports/baseball/stats/2024,https://drewrangers.com/sports/baseball/stats/2023,https://drewrangers.com/sports/baseball/stats/2022,verified via search
Elizabethtown College,Landmark,etownbluejays.com,sidearm,https://etownbluejays.com/sports/baseball/stats/2026,https://etownbluejays.com/sports/baseball/stats/2025,https://etownbluejays.com/sports/baseball/stats/2024,https://etownbluejays.com/sports/baseball/stats/2023,https://etownbluejays.com/sports/baseball/stats/2022,verified via search
Juniata College,Landmark,juniatasports.net,presto,https://juniatasports.net/sports/bsb/2025-26/teams/juniata?tmpl=teaminfo-network-monospace-template&sort=ab&pos=h,https://juniatasports.net/sports/bsb/2024-25/teams/juniata?tmpl=teaminfo-network-monospace-template&sort=ab&pos=h,https://juniatasports.net/sports/bsb/2023-24/teams/juniata?tmpl=teaminfo-network-monospace-template&sort=ab&pos=h,https://juniatasports.net/sports/bsb/2022-23/teams/juniata?tmpl=teaminfo-network-monospace-template&sort=ab&pos=h,https://juniatasports.net/sports/bsb/2021-22/teams/juniata?tmpl=teaminfo-network-monospace-template&sort=ab&pos=h,domain DNS-verified; pattern unconfirmed; older seasons may use presto /sports/bsb/YYYY-YY
Lycoming College,Landmark,lycomingathletics.com,sidearm,https://lycomingathletics.com/sports/baseball/stats/2026,https://lycomingathletics.com/sports/baseball/stats/2025,https://lycomingathletics.com/sports/baseball/stats/2024,https://lycomingathletics.com/sports/baseball/stats/2023,https://lycomingathletics.com/sports/baseball/stats/2022,domain DNS-verified; pattern unconfirmed best guess
Moravian University,Landmark,moraviansports.com,presto,https://www.moraviansports.com/sports/bsb/2025-26/teams/moravian?tmpl=teaminfo-network-monospace-template&sort=ab&pos=h,https://www.moraviansports.com/sports/bsb/2024-25/teams/moravian?tmpl=teaminfo-network-monospace-template&sort=ab&pos=h,https://www.moraviansports.com/sports/bsb/2023-24/teams/moravian?tmpl=teaminfo-network-monospace-template&sort=ab&pos=h,https://www.moraviansports.com/sports/bsb/2022-23/teams/moravian?tmpl=teaminfo-network-monospace-template&sort=ab&pos=h,https://www.moraviansports.com/sports/bsb/2021-22/teams/moravian?tmpl=teaminfo-network-monospace-template&sort=ab&pos=h,domain DNS-verified; pattern unconfirmed best guess
University of Scranton,Landmark,athletics.scranton.edu,sidearm,https://athletics.scranton.edu/sports/baseball/stats/2026,https://athletics.scranton.edu/sports/baseball/stats/2025,https://athletics.scranton.edu/sports/baseball/stats/2024,https://athletics.scranton.edu/sports/baseball/stats/2023,https://athletics.scranton.edu/sports/baseball/stats/2022,domain DNS-verified; pattern unconfirmed best guess
Susquehanna University,Landmark,gosusqu.com,sidearm,https://suriverhawks.com/sports/baseball/stats/2026,https://suriverhawks.com/sports/baseball/stats/2025,https://suriverhawks.com/sports/baseball/stats/2024,https://suriverhawks.com/sports/baseball/stats/2023,https://suriverhawks.com/sports/baseball/stats/2022,domain DNS-verified; pattern unconfirmed best guess
Wilkes University,Landmark,gowilkesu.com,sidearm,https://gowilkesu.com/sports/baseball/stats/2026,https://gowilkesu.com/sports/baseball/stats/2025,https://gowilkesu.com/sports/baseball/stats/2024,https://gowilkesu.com/sports/baseball/stats/2023,https://gowilkesu.com/sports/baseball/stats/2022,domain DNS-verified; pattern unconfirmed best guess
Albright College,MAC Commonwealth,albrightathletics.com,sidearm,https://albrightathletics.com/sports/baseball/stats/2026,https://albrightathletics.com/sports/baseball/stats/2025,https://albrightathletics.com/sports/baseball/stats/2024,https://albrightathletics.com/sports/baseball/stats/2023,https://albrightathletics.com/sports/baseball/stats/2022,domain DNS-verified; pattern unconfirmed best guess
Alvernia University,MAC Commonwealth,athletics.alvernia.edu,sidearm,https://athletics.alvernia.edu/sports/baseball/stats/2026,https://athletics.alvernia.edu/sports/baseball/stats/2025,https://athletics.alvernia.edu/sports/baseball/stats/2024,https://athletics.alvernia.edu/sports/baseball/stats/2023,https://athletics.alvernia.edu/sports/baseball/stats/2022,domain DNS-verified; pattern unconfirmed best guess
Eastern University,MAC Commonwealth,goeasterneagles.com,sidearm,https://goeasterneagles.com/sports/baseball/stats/2026,https://goeasterneagles.com/sports/baseball/stats/2025,https://goeasterneagles.com/sports/baseball/stats/2024,https://goeasterneagles.com/sports/baseball/stats/2023,https://goeasterneagles.com/sports/baseball/stats/2022,domain DNS-verified; pattern unconfirmed best guess
Hood College,MAC Commonwealth,hoodathletics.com,sidearm,https://hoodathletics.com/sports/baseball/stats/2026,https://hoodathletics.com/sports/baseball/stats/2025,https://hoodathletics.com/sports/baseball/stats/2024,https://hoodathletics.com/sports/baseball/stats/2023,https://hoodathletics.com/sports/baseball/stats/2022,domain DNS-verified; pattern unconfirmed best guess
Messiah University,MAC Commonwealth,gomessiah.com,sidearm,https://gomessiah.com/sports/baseball/stats/2026,https://gomessiah.com/sports/baseball/stats/2025,https://gomessiah.com/sports/baseball/stats/2024,https://gomessiah.com/sports/baseball/stats/2023,https://gomessiah.com/sports/baseball/stats/2022,domain DNS-verified; pattern unconfirmed best guess
Stevenson University,MAC Commonwealth,gomustangsports.com,sidearm,https://gomustangsports.com/sports/baseball/stats/2026,https://gomustangsports.com/sports/baseball/stats/2025,https://gomustangsports.com/sports/baseball/stats/2024,https://gomustangsports.com/sports/baseball/stats/2023,https://gomustangsports.com/sports/baseball/stats/2022,domain DNS-verified; pattern unconfirmed best guess
Widener University,MAC Commonwealth,widenerpride.com,sidearm,https://widenerpride.com/sports/baseball/stats/2026,https://widenerpride.com/sports/baseball/stats/2025,https://widenerpride.com/sports/baseball/stats/2024,https://widenerpride.com/sports/baseball/stats/2023,https://widenerpride.com/sports/baseball/stats/2022,domain DNS-verified; pattern unconfirmed best guess
York College of Pennsylvania,MAC Commonwealth,ycpspartans.com,sidearm,https://ycpspartans.com/sports/baseball/stats/2026,https://ycpspartans.com/sports/baseball/stats/2025,https://ycpspartans.com/sports/baseball/stats/2024,https://ycpspartans.com/sports/baseball/stats/2023,https://ycpspartans.com/sports/baseball/stats/2022,domain DNS-verified; pattern unconfirmed best guess
Alfred State College,AMCC,alfredstateathletics.com,sidearm,https://alfredstateathletics.com/sports/baseball/stats/2026,https://alfredstateathletics.com/sports/baseball/stats/2025,https://alfredstateathletics.com/sports/baseball/stats/2024,https://alfredstateathletics.com/sports/baseball/stats/2023,https://alfredstateathletics.com/sports/baseball/stats/2022,confirmed via search
Hilbert College,AMCC,hilberthawks.com,sidearm,https://hilberthawks.com/sports/baseball/stats/2026,https://hilberthawks.com/sports/baseball/stats/2025,https://hilberthawks.com/sports/baseball/stats/2024,https://hilberthawks.com/sports/baseball/stats/2023,https://hilberthawks.com/sports/baseball/stats/2022,confirmed via search; AMCC presto mirror also exists
La Roche University,AMCC,larochesports.com,presto,https://www.larochesports.com/sports/bsb/2025-26/teams/laroche,https://www.larochesports.com/sports/bsb/2024-25/teams/laroche,https://www.larochesports.com/sports/bsb/2023-24/teams/laroche,https://www.larochesports.com/sports/bsb/2022-23/teams/laroche,https://www.larochesports.com/sports/bsb/2021-22/teams/laroche,confirmed via search; also mirrored at amccsports.org
Mount Aloysius College,AMCC,mountieathletics.com,sidearm,https://mountieathletics.com/sports/baseball/stats/2026,https://mountieathletics.com/sports/baseball/stats/2025,https://mountieathletics.com/sports/baseball/stats/2024,https://mountieathletics.com/sports/baseball/stats/2023,https://mountieathletics.com/sports/baseball/stats/2022,confirmed via search
Penn State Altoona,AMCC,psaltoonalions.com,presto,https://www.psaltoonalions.com/sports/bsb/2025-26/teams/pennstaltoona,https://www.amccsports.org/sports/bsb/2024-25/teams/pennstaltoona?tmpl=teaminfo-network-monospace-template&sort=ab&pos=h,https://www.amccsports.org/sports/bsb/2023-24/teams/pennstaltoona?tmpl=teaminfo-network-monospace-template&sort=ab&pos=h,https://www.amccsports.org/sports/bsb/2022-23/teams/pennstaltoona?tmpl=teaminfo-network-monospace-template&sort=ab&pos=h,https://www.amccsports.org/sports/bsb/2021-22/teams/pennstaltoona?tmpl=teaminfo-network-monospace-template&sort=ab&pos=h,confirmed via search
Penn State Behrend,AMCC,psblions.com,presto,https://www.amccsports.org/sports/bsb/2025-26/teams/pennstbehrend?tmpl=teaminfo-network-monospace-template&sort=ab&pos=h,https://www.amccsports.org/sports/bsb/2024-25/teams/pennstbehrend?tmpl=teaminfo-network-monospace-template&sort=ab&pos=h,https://www.amccsports.org/sports/bsb/2023-24/teams/pennstbehrend?tmpl=teaminfo-network-monospace-template&sort=ab&pos=h,https://www.amccsports.org/sports/bsb/2022-23/teams/pennstbehrend?tmpl=teaminfo-network-monospace-template&sort=ab&pos=h,https://www.amccsports.org/sports/bsb/2021-22/teams/pennstbehrend?tmpl=teaminfo-network-monospace-template&sort=ab&pos=h,confirmed via search
Pitt-Bradford,AMCC,athletics.pittbradford.org,presto,https://athletics.pittbradford.org/sports/bsb/2025-26/teams/pittbradford,https://athletics.pittbradford.org/sports/bsb/2024-25/teams/pittbradford,https://athletics.pittbradford.org/sports/bsb/2023-24/teams/pittbradford,https://athletics.pittbradford.org/sports/bsb/2022-23/teams/pittbradford,https://athletics.pittbradford.org/sports/bsb/2021-22/teams/pittbradford,confirmed via search; also mirrored at amccsports.org
Pitt-Greensburg,AMCC,pittgreensburgathletics.com,sidearm,https://pittgreensburgathletics.com/sports/baseball/stats/2026,https://pittgreensburgathletics.com/sports/baseball/stats/2025,https://pittgreensburgathletics.com/sports/baseball/stats/2024,https://pittgreensburgathletics.com/sports/baseball/stats/2023,https://pittgreensburgathletics.com/sports/baseball/stats/2022,confirmed via search (all years seen)
Averett University,ODAC,averettcougars.com,sidearm,https://averettcougars.com/sports/baseball/stats/2026,https://averettcougars.com/sports/baseball/stats/2025,https://averettcougars.com/sports/baseball/stats/2024,https://averettcougars.com/sports/baseball/stats/2023,https://averettcougars.com/sports/baseball/stats/2022,confirmed via search
Bridgewater College,ODAC,bridgewatereagles.com,sidearm,https://bridgewatereagles.com/sports/baseball/stats/2026,https://bridgewatereagles.com/sports/baseball/stats/2025,https://bridgewatereagles.com/sports/baseball/stats/2024,https://bridgewatereagles.com/sports/baseball/stats/2023,https://bridgewatereagles.com/sports/baseball/stats/2022,confirmed via search
Eastern Mennonite University,ODAC,emuroyals.com,sidearm,https://emuroyals.com/sports/baseball/stats/2026,https://emuroyals.com/sports/baseball/stats/2025,https://emuroyals.com/sports/baseball/stats/2024,https://emuroyals.com/sports/baseball/stats/2023,https://emuroyals.com/sports/baseball/stats/2022,confirmed via search
Guilford College,ODAC,guilfordquakers.com,sidearm,https://guilfordquakers.com/sports/baseball/stats/2026,https://guilfordquakers.com/sports/baseball/stats/2025,https://guilfordquakers.com/sports/baseball/stats/2024,https://guilfordquakers.com/sports/baseball/stats/2023,https://guilfordquakers.com/sports/baseball/stats/2022,confirmed via search
Hampden-Sydney College,ODAC,hscathletics.com,sidearm,https://hscathletics.com/sports/baseball/stats/2026,https://hscathletics.com/sports/baseball/stats/2025,https://hscathletics.com/sports/baseball/stats/2024,https://hscathletics.com/sports/baseball/stats/2023,https://hscathletics.com/sports/baseball/stats/2022,domain known; pattern unverified (search budget hit)
University of Lynchburg,ODAC,lynchburgsports.com,sidearm,https://lynchburgsports.com/sports/baseball/stats/2026,https://lynchburgsports.com/sports/baseball/stats/2025,https://lynchburgsports.com/sports/baseball/stats/2024,https://lynchburgsports.com/sports/baseball/stats/2023,https://lynchburgsports.com/sports/baseball/stats/2022,domain known; pattern unverified (search budget hit)
Randolph College,ODAC,randolphathletics.com,sidearm,https://randolphathletics.com/sports/baseball/stats/2026,https://randolphathletics.com/sports/baseball/stats/2025,https://randolphathletics.com/sports/baseball/stats/2024,https://randolphathletics.com/sports/baseball/stats/2023,https://randolphathletics.com/sports/baseball/stats/2022,best guess; domain unverified
Randolph-Macon College,ODAC,rmcathletics.com,sidearm,https://rmcathletics.com/sports/baseball/stats/2026,https://rmcathletics.com/sports/baseball/stats/2025,https://rmcathletics.com/sports/baseball/stats/2024,https://rmcathletics.com/sports/baseball/stats/2023,https://rmcathletics.com/sports/baseball/stats/2022,domain known; pattern unverified (search budget hit)
Roanoke College,ODAC,roanokemaroons.com,sidearm,https://roanokemaroons.com/sports/baseball/stats/2026,https://roanokemaroons.com/sports/baseball/stats/2025,https://roanokemaroons.com/sports/baseball/stats/2024,https://roanokemaroons.com/sports/baseball/stats/2023,https://roanokemaroons.com/sports/baseball/stats/2022,domain known; pattern unverified (search budget hit)
Shenandoah University,ODAC,suhornets.com,sidearm,https://suhornets.com/sports/baseball/stats/2026,https://suhornets.com/sports/baseball/stats/2025,https://suhornets.com/sports/baseball/stats/2024,https://suhornets.com/sports/baseball/stats/2023,https://suhornets.com/sports/baseball/stats/2022,domain known; pattern unverified (search budget hit)
Virginia Wesleyan University,ODAC,vwuathletics.com,sidearm,https://vwuathletics.com/sports/baseball/stats/2026,https://vwuathletics.com/sports/baseball/stats/2025,https://vwuathletics.com/sports/baseball/stats/2024,https://vwuathletics.com/sports/baseball/stats/2023,https://vwuathletics.com/sports/baseball/stats/2022,best guess; domain unverified
Washington and Lee University,ODAC,generalssports.com,sidearm,https://generalssports.com/sports/baseball/stats/2026,https://generalssports.com/sports/baseball/stats/2025,https://generalssports.com/sports/baseball/stats/2024,https://generalssports.com/sports/baseball/stats/2023,https://generalssports.com/sports/baseball/stats/2022,domain known; pattern unverified (search budget hit)
Brevard College,USA South,brevardtornados.com,sidearm,https://bctornados.com/sports/baseball/stats/2026,https://bctornados.com/sports/baseball/stats/2025,https://bctornados.com/sports/baseball/stats/2024,https://bctornados.com/sports/baseball/stats/2023,https://bctornados.com/sports/baseball/stats/2022,domain known; pattern unverified (search budget hit)
Greensboro College,USA South,gcpride.com,sidearm,https://greensborocollegesports.com/sports/baseball/stats/2026,https://greensborocollegesports.com/sports/baseball/stats/2025,https://greensborocollegesports.com/sports/baseball/stats/2024,https://greensborocollegesports.com/sports/baseball/stats/2023,https://greensborocollegesports.com/sports/baseball/stats/2022,best guess; domain unverified
Mary Baldwin University,USA South,mbufightingsquirrels.com,sidearm,https://marybaldwinathletics.com/sports/baseball/stats/2026,,,,,"first baseball season 2026; no prior seasons; domain best guess, unverified"
Methodist University,USA South,gomumonarchs.com,sidearm,https://mumonarchs.com/sports/baseball/stats/2026,https://mumonarchs.com/sports/baseball/stats/2025,https://mumonarchs.com/sports/baseball/stats/2024,https://mumonarchs.com/sports/baseball/stats/2023,https://mumonarchs.com/sports/baseball/stats/2022,best guess; domain unverified
North Carolina Wesleyan University,USA South,ncwcbishops.com,sidearm,https://ncwsports.com/sports/baseball/stats/2026,https://ncwsports.com/sports/baseball/stats/2025,https://ncwsports.com/sports/baseball/stats/2024,https://ncwsports.com/sports/baseball/stats/2023,https://ncwsports.com/sports/baseball/stats/2022,best guess; domain unverified (school renamed to University 2023)
Pfeiffer University,USA South,gopfeifferfalcons.com,sidearm,https://gofalconsports.com/sports/baseball/stats/2026,https://gofalconsports.com/sports/baseball/stats/2025,https://gofalconsports.com/sports/baseball/stats/2024,https://gofalconsports.com/sports/baseball/stats/2023,https://gofalconsports.com/sports/baseball/stats/2022,best guess; domain unverified (may be athletics.pfeiffer.edu)
Southern Virginia University,USA South,knights.svu.edu,sidearm,https://knightathletics.com/sports/baseball/stats/2026,https://knightathletics.com/sports/baseball/stats/2025,https://knightathletics.com/sports/baseball/stats/2024,https://knightathletics.com/sports/baseball/stats/2023,https://knightathletics.com/sports/baseball/stats/2022,domain known; pattern unverified (search budget hit)
William Peace University,USA South,pacersports.com,sidearm,https://pacersports.com/sports/baseball/stats/2026,https://pacersports.com/sports/baseball/stats/2025,https://pacersports.com/sports/baseball/stats/2024,https://pacersports.com/sports/baseball/stats/2023,https://pacersports.com/sports/baseball/stats/2022,best guess; domain unverified
Baldwin Wallace University,OAC,bwyellowjackets.com,sidearm,https://bwyellowjackets.com/sports/baseball/stats/2026,https://bwyellowjackets.com/sports/baseball/stats/2025,https://bwyellowjackets.com/sports/baseball/stats/2024,https://bwyellowjackets.com/sports/baseball/stats/2023,https://bwyellowjackets.com/sports/baseball/stats/2022,verified via search
Capital University,OAC,athletics.capital.edu,sidearm,https://athletics.capital.edu/sports/baseball/stats/2026,https://athletics.capital.edu/sports/baseball/stats/2025,https://athletics.capital.edu/sports/baseball/stats/2024,https://athletics.capital.edu/sports/baseball/stats/2023,https://athletics.capital.edu/sports/baseball/stats/2022,verified via search
Heidelberg University,OAC,bergathletics.com,sidearm,https://bergathletics.com/sports/baseball/stats/2026,https://bergathletics.com/sports/baseball/stats/2025,https://bergathletics.com/sports/baseball/stats/2024,https://bergathletics.com/sports/baseball/stats/2023,https://bergathletics.com/sports/baseball/stats/2022,verified via search
Marietta College,OAC,pioneers.marietta.edu,sidearm,https://pioneers.marietta.edu/sports/baseball/stats/2026,https://pioneers.marietta.edu/sports/baseball/stats/2025,https://pioneers.marietta.edu/sports/baseball/stats/2024,https://pioneers.marietta.edu/sports/baseball/stats/2023,https://pioneers.marietta.edu/sports/baseball/stats/2022,verified via search
University of Mount Union,OAC,athletics.mountunion.edu,sidearm,https://athletics.mountunion.edu/sports/baseball/stats/2026,https://athletics.mountunion.edu/sports/baseball/stats/2025,https://athletics.mountunion.edu/sports/baseball/stats/2024,https://athletics.mountunion.edu/sports/baseball/stats/2023,https://athletics.mountunion.edu/sports/baseball/stats/2022,verified via search
Muskingum University,OAC,fightingmuskies.com,presto,https://www.fightingmuskies.com/sports/bsb/2025-26/teams/muskingum?tmpl=teaminfo-network-monospace-template&sort=ab&pos=h,https://www.fightingmuskies.com/sports/bsb/2024-25/teams/muskingum?tmpl=teaminfo-network-monospace-template&sort=ab&pos=h,https://www.fightingmuskies.com/sports/bsb/2023-24/teams/muskingum?tmpl=teaminfo-network-monospace-template&sort=ab&pos=h,https://www.fightingmuskies.com/sports/bsb/2022-23/teams/muskingum?tmpl=teaminfo-network-monospace-template&sort=ab&pos=h,https://www.fightingmuskies.com/sports/bsb/2021-22/teams/muskingum?tmpl=teaminfo-network-monospace-template&sort=ab&pos=h,verified via search; presto slug muskingum
Ohio Northern University,OAC,onusports.com,presto,https://www.onusports.com/sports/bsb/2025-26/teams/ohionorthern?tmpl=teaminfo-network-monospace-template&sort=ab&pos=h,https://www.onusports.com/sports/bsb/2024-25/teams/ohionorthern?tmpl=teaminfo-network-monospace-template&sort=ab&pos=h,https://www.onusports.com/sports/bsb/2023-24/teams/ohionorthern?tmpl=teaminfo-network-monospace-template&sort=ab&pos=h,https://www.onusports.com/sports/bsb/2022-23/teams/ohionorthern?tmpl=teaminfo-network-monospace-template&sort=ab&pos=h,https://www.onusports.com/sports/bsb/2021-22/teams/ohionorthern?tmpl=teaminfo-network-monospace-template&sort=ab&pos=h,verified via search; presto slug ohionorthern
Otterbein University,OAC,otterbeincardinals.com,sidearm,https://otterbeincardinals.com/sports/baseball/stats/2026,https://otterbeincardinals.com/sports/baseball/stats/2025,https://otterbeincardinals.com/sports/baseball/stats/2024,https://otterbeincardinals.com/sports/baseball/stats/2023,https://otterbeincardinals.com/sports/baseball/stats/2022,verified via box score URLs
Wilmington College,OAC,wilmingtonquakers.com,sidearm,https://wilmingtonquakers.com/sports/baseball/stats/2026,https://wilmingtonquakers.com/sports/baseball/stats/2025,https://wilmingtonquakers.com/sports/baseball/stats/2024,https://wilmingtonquakers.com/sports/baseball/stats/2023,https://wilmingtonquakers.com/sports/baseball/stats/2022,verified via search
Denison University,NCAC,denisonbigred.com,sidearm,https://denisonbigred.com/sports/baseball/stats/2026,https://denisonbigred.com/sports/baseball/stats/2025,https://denisonbigred.com/sports/baseball/stats/2024,https://denisonbigred.com/sports/baseball/stats/2023,https://denisonbigred.com/sports/baseball/stats/2022,best guess; search budget hit before verification
DePauw University,NCAC,depauwtigers.com,sidearm,https://depauwtigers.com/sports/baseball/stats/2026,https://depauwtigers.com/sports/baseball/stats/2025,https://depauwtigers.com/sports/baseball/stats/2024,https://depauwtigers.com/sports/baseball/stats/2023,https://depauwtigers.com/sports/baseball/stats/2022,best guess; search budget hit before verification
John Carroll University,NCAC,jcusports.com,sidearm,https://jcusports.com/sports/baseball/stats/2026,https://jcusports.com/sports/baseball/stats/2025,https://jcusports.com/sports/baseball/stats/2024,https://jcusports.com/sports/baseball/stats/2023,https://jcusports.com/sports/baseball/stats/2022,verified via box score URLs
Kenyon College,NCAC,athletics.kenyon.edu,sidearm,https://athletics.kenyon.edu/sports/baseball/stats/2026,https://athletics.kenyon.edu/sports/baseball/stats/2025,https://athletics.kenyon.edu/sports/baseball/stats/2024,https://athletics.kenyon.edu/sports/baseball/stats/2023,https://athletics.kenyon.edu/sports/baseball/stats/2022,verified via box score URLs
Oberlin College,NCAC,goyeo.com,sidearm,https://goyeo.com/sports/baseball/stats/2026,https://goyeo.com/sports/baseball/stats/2025,https://goyeo.com/sports/baseball/stats/2024,https://goyeo.com/sports/baseball/stats/2023,https://goyeo.com/sports/baseball/stats/2022,best guess; search budget hit before verification
Ohio Wesleyan University,NCAC,battlingbishops.com,sidearm,https://battlingbishops.com/sports/baseball/stats/2026,https://battlingbishops.com/sports/baseball/stats/2025,https://battlingbishops.com/sports/baseball/stats/2024,https://battlingbishops.com/sports/baseball/stats/2023,https://battlingbishops.com/sports/baseball/stats/2022,best guess; search budget hit before verification
Wabash College,NCAC,sports.wabash.edu,sidearm,https://sports.wabash.edu/sports/baseball/stats/2026,https://sports.wabash.edu/sports/baseball/stats/2025,https://sports.wabash.edu/sports/baseball/stats/2024,https://sports.wabash.edu/sports/baseball/stats/2023,https://sports.wabash.edu/sports/baseball/stats/2022,verified via box score URLs
Wittenberg University,NCAC,wittenbergtigers.com,presto,https://wittenbergtigers.com/sports/baseball/stats/2026,https://wittenbergtigers.com/sports/bsb/2024-25/teams/wittenberg?tmpl=teaminfo-network-monospace-template&sort=ab&pos=h,https://wittenbergtigers.com/sports/bsb/2023-24/teams/wittenberg?tmpl=teaminfo-network-monospace-template&sort=ab&pos=h,https://wittenbergtigers.com/sports/baseball/stats/2023,https://wittenbergtigers.com/sports/bsb/2021-22/teams/wittenberg?tmpl=teaminfo-network-monospace-template&sort=ab&pos=h,best guess; search budget hit before verification
College of Wooster,NCAC,woosterathletics.com,sidearm,https://woosterathletics.com/sports/baseball/stats/2026,https://woosterathletics.com/sports/baseball/stats/2025,https://woosterathletics.com/sports/baseball/stats/2024,https://woosterathletics.com/sports/baseball/stats/2023,https://woosterathletics.com/sports/baseball/stats/2022,best guess; domain unverified (may be fightingscots.wooster.edu)
Anderson University (IN),HCAC,athletics.anderson.edu,presto,https://athletics.anderson.edu/sports/bsb/2025-26/teams/andersonind?tmpl=teaminfo-network-monospace-template&sort=ab&pos=h,https://athletics.anderson.edu/sports/bsb/2024-25/teams/andersonind?tmpl=teaminfo-network-monospace-template&sort=ab&pos=h,https://athletics.anderson.edu/sports/baseball/stats/2024,https://athletics.anderson.edu/sports/bsb/2022-23/teams/andersonind?tmpl=teaminfo-network-monospace-template&sort=ab&pos=h,https://athletics.anderson.edu/sports/baseball/stats/2022,best guess; search budget hit before verification
Bluffton University,HCAC,blufftonbeavers.com,presto,https://blufftonbeavers.com/sports/baseball/stats/2026,https://blufftonbeavers.com/sports/bsb/2024-25/teams/bluffton?tmpl=teaminfo-network-monospace-template&sort=ab&pos=h,https://blufftonbeavers.com/sports/bsb/2023-24/teams/bluffton?tmpl=teaminfo-network-monospace-template&sort=ab&pos=h,https://blufftonbeavers.com/sports/bsb/2022-23/teams/bluffton?tmpl=teaminfo-network-monospace-template&sort=ab&pos=h,https://blufftonbeavers.com/sports/baseball/stats/2022,best guess; platform unverified (may be presto)
Defiance College,HCAC,defianceathletics.com,presto,https://defianceathletics.com/sports/bsb/2025-26/teams/defiancecollegeoh?tmpl=teaminfo-network-monospace-template&sort=ab&pos=h,https://defianceathletics.com/sports/bsb/2024-25/teams/defiancecollegeoh?tmpl=teaminfo-network-monospace-template&sort=ab&pos=h,https://defianceathletics.com/sports/bsb/2023-24/teams/defiancecollegeoh?tmpl=teaminfo-network-monospace-template&sort=ab&pos=h,https://defianceathletics.com/sports/bsb/2022-23/teams/defiancecollegeoh?tmpl=teaminfo-network-monospace-template&sort=ab&pos=h,https://defianceathletics.com/sports/bsb/2021-22/teams/defiancecollegeoh?tmpl=teaminfo-network-monospace-template&sort=ab&pos=h,best guess; domain and platform unverified
Earlham College,HCAC,goearlham.com,sidearm,https://goearlham.com/sports/baseball/stats/2026,https://goearlham.com/sports/baseball/stats/2025,https://goearlham.com/sports/baseball/stats/2024,https://goearlham.com/sports/baseball/stats/2023,https://goearlham.com/sports/baseball/stats/2022,best guess; search budget hit before verification
Franklin College,HCAC,franklingrizzlies.com,sidearm,https://franklingrizzlies.com/sports/baseball/stats/2026,https://franklingrizzlies.com/sports/baseball/stats/2025,https://franklingrizzlies.com/sports/baseball/stats/2024,https://franklingrizzlies.com/sports/baseball/stats/2023,https://franklingrizzlies.com/sports/baseball/stats/2022,best guess; search budget hit before verification
Hanover College,HCAC,athletics.hanover.edu,sidearm,https://athletics.hanover.edu/sports/baseball/stats/2026,https://athletics.hanover.edu/sports/baseball/stats/2025,https://athletics.hanover.edu/sports/baseball/stats/2024,https://athletics.hanover.edu/sports/baseball/stats/2023,https://athletics.hanover.edu/sports/baseball/stats/2022,best guess; search budget hit before verification
Manchester University,HCAC,muspartans.com,sidearm,https://muspartans.com/sports/baseball/stats/2026,https://muspartans.com/sports/baseball/stats/2025,https://muspartans.com/sports/baseball/stats/2024,https://muspartans.com/sports/baseball/stats/2023,https://muspartans.com/sports/baseball/stats/2022,best guess; search budget hit before verification
Mount St. Joseph University,HCAC,msjlions.com,sidearm,https://msjlions.com/sports/baseball/stats/2026,https://msjlions.com/sports/baseball/stats/2025,https://msjlions.com/sports/baseball/stats/2024,https://msjlions.com/sports/baseball/stats/2023,https://msjlions.com/sports/baseball/stats/2022,verified via search
Rose-Hulman Institute of Technology,HCAC,athletics.rose-hulman.edu,sidearm,https://athletics.rose-hulman.edu/sports/baseball/stats/2026,https://athletics.rose-hulman.edu/sports/baseball/stats/2025,https://athletics.rose-hulman.edu/sports/baseball/stats/2024,https://athletics.rose-hulman.edu/sports/baseball/stats/2023,https://athletics.rose-hulman.edu/sports/baseball/stats/2022,best guess; search budget hit before verification
Transylvania University,HCAC,transysports.com,sidearm,https://transysports.com/sports/baseball/stats/2026,https://transysports.com/sports/baseball/stats/2025,https://transysports.com/sports/baseball/stats/2024,https://transysports.com/sports/baseball/stats/2023,https://transysports.com/sports/baseball/stats/2022,best guess; search budget hit before verification
Adrian College,MIAA,adrianbulldogs.com,sidearm,https://adrianbulldogs.com/sports/baseball/stats/2026,https://adrianbulldogs.com/sports/baseball/stats/2025,https://adrianbulldogs.com/sports/baseball/stats/2024,https://adrianbulldogs.com/sports/baseball/stats/2023,https://adrianbulldogs.com/sports/baseball/stats/2022,domain and stats pattern confirmed via search
Albion College,MIAA,gobrits.com,sidearm,https://gobrits.com/sports/baseball/stats/2026,https://gobrits.com/sports/baseball/stats/2025,https://gobrits.com/sports/baseball/stats/2024,https://gobrits.com/sports/baseball/stats/2023,https://gobrits.com/sports/baseball/stats/2022,domain and stats pattern confirmed via search
Alma College,MIAA,almascots.com,sidearm,https://almascots.com/sports/baseball/stats/2026,https://almascots.com/sports/baseball/stats/2025,https://almascots.com/sports/baseball/stats/2024,https://almascots.com/sports/baseball/stats/2023,https://almascots.com/sports/baseball/stats/2022,domain and stats pattern confirmed via search
Calvin University,MIAA,calvinknights.com,sidearm,https://calvinknights.com/sports/baseball/stats/2026,https://calvinknights.com/sports/baseball/stats/2025,https://calvinknights.com/sports/baseball/stats/2024,https://calvinknights.com/sports/baseball/stats/2023,https://calvinknights.com/sports/baseball/stats/2022,domain and stats pattern confirmed via search
Hope College,MIAA,athletics.hope.edu,sidearm,https://athletics.hope.edu/sports/baseball/stats/2026,https://athletics.hope.edu/sports/baseball/stats/2025,https://athletics.hope.edu/sports/baseball/stats/2024,https://athletics.hope.edu/sports/baseball/stats/2023,https://athletics.hope.edu/sports/baseball/stats/2022,domain and stats pattern confirmed via search
Kalamazoo College,MIAA,hornets.kzoo.edu,sidearm,https://hornets.kzoo.edu/sports/baseball/stats/2026,https://hornets.kzoo.edu/sports/baseball/stats/2025,https://hornets.kzoo.edu/sports/baseball/stats/2024,https://hornets.kzoo.edu/sports/baseball/stats/2023,https://hornets.kzoo.edu/sports/baseball/stats/2022,sidearm confirmed; older seasons may be under legacy /sports/bsb archive
University of Olivet,MIAA,www.olivetcomets.com,presto,https://www.olivetcomets.com/sports/bsb/2025-26/teams/olivet?tmpl=teaminfo-network-monospace-template&sort=ab&pos=h,https://www.olivetcomets.com/sports/bsb/2024-25/teams/olivet?tmpl=teaminfo-network-monospace-template&sort=ab&pos=h,https://www.olivetcomets.com/sports/bsb/2023-24/teams/olivet,https://www.olivetcomets.com/sports/bsb/2022-23/teams/olivet?tmpl=teaminfo-network-monospace-template&sort=ab&pos=h,https://www.olivetcomets.com/sports/bsb/2021-22/teams/olivet?tmpl=teaminfo-network-monospace-template&sort=ab&pos=h,presto pattern and slug confirmed via search
Trine University,MIAA,trinethunder.com,sidearm,https://trinethunder.com/sports/baseball/stats/2026,https://trinethunder.com/sports/baseball/stats/2025,https://trinethunder.com/sports/baseball/stats/2024,https://trinethunder.com/sports/baseball/stats/2023,https://trinethunder.com/sports/baseball/stats/2022,domain and stats pattern confirmed via search
Augustana College (IL),CCIW,athletics.augustana.edu,sidearm,https://athletics.augustana.edu/sports/baseball/stats/2026,https://athletics.augustana.edu/sports/baseball/stats/2025,https://athletics.augustana.edu/sports/baseball/stats/2024,https://athletics.augustana.edu/sports/baseball/stats/2023,https://athletics.augustana.edu/sports/baseball/stats/2022,stats/2025 and stats/2023 confirmed via search
Carroll University (WI),CCIW,gopios.com,sidearm,https://gopios.com/sports/baseball/stats/2026,https://gopios.com/sports/baseball/stats/2025,https://gopios.com/sports/baseball/stats/2024,https://gopios.com/sports/baseball/stats/2023,https://gopios.com/sports/baseball/stats/2022,unverified best guess (search budget exhausted)
Carthage College,CCIW,athletics.carthage.edu,sidearm,https://athletics.carthage.edu/sports/baseball/stats/2026,https://athletics.carthage.edu/sports/baseball/stats/2025,https://athletics.carthage.edu/sports/baseball/stats/2024,https://athletics.carthage.edu/sports/baseball/stats/2023,https://athletics.carthage.edu/sports/baseball/stats/2022,unverified best guess (search budget exhausted)
Elmhurst University,CCIW,elmhurstbluejays.com,sidearm,https://elmhurstbluejays.com/sports/baseball/stats/2026,https://elmhurstbluejays.com/sports/baseball/stats/2025,https://elmhurstbluejays.com/sports/baseball/stats/2024,https://elmhurstbluejays.com/sports/baseball/stats/2023,https://elmhurstbluejays.com/sports/baseball/stats/2022,unverified best guess (search budget exhausted)
Illinois Wesleyan University,CCIW,iwusports.com,sidearm,https://iwusports.com/sports/baseball/stats/2026,https://iwusports.com/sports/baseball/stats/2025,https://iwusports.com/sports/baseball/stats/2024,https://iwusports.com/sports/baseball/stats/2023,https://iwusports.com/sports/baseball/stats/2022,unverified best guess (search budget exhausted)
Millikin University,CCIW,athletics.millikin.edu,sidearm,https://athletics.millikin.edu/sports/baseball/stats/2026,https://athletics.millikin.edu/sports/baseball/stats/2025,https://athletics.millikin.edu/sports/baseball/stats/2024,https://athletics.millikin.edu/sports/baseball/stats/2023,https://athletics.millikin.edu/sports/baseball/stats/2022,unverified best guess (search budget exhausted)
North Central College,CCIW,northcentralcardinals.com,sidearm,https://northcentralcardinals.com/sports/baseball/stats/2026,https://northcentralcardinals.com/sports/baseball/stats/2025,https://northcentralcardinals.com/sports/baseball/stats/2024,https://northcentralcardinals.com/sports/baseball/stats/2023,https://northcentralcardinals.com/sports/baseball/stats/2022,unverified best guess (search budget exhausted)
North Park University,CCIW,athletics.northpark.edu,sidearm,https://athletics.northpark.edu/sports/baseball/stats/2026,https://athletics.northpark.edu/sports/baseball/stats/2025,https://athletics.northpark.edu/sports/baseball/stats/2024,https://athletics.northpark.edu/sports/baseball/stats/2023,https://athletics.northpark.edu/sports/baseball/stats/2022,unverified best guess (search budget exhausted)
Wheaton College (IL),CCIW,athletics.wheaton.edu,sidearm,https://athletics.wheaton.edu/sports/baseball/stats/2026,https://athletics.wheaton.edu/sports/baseball/stats/2025,https://athletics.wheaton.edu/sports/baseball/stats/2024,https://athletics.wheaton.edu/sports/baseball/stats/2023,https://athletics.wheaton.edu/sports/baseball/stats/2022,unverified best guess (search budget exhausted)
Aurora University,NACC,athletics.aurora.edu,sidearm,https://athletics.aurora.edu/sports/baseball/stats/2026,https://athletics.aurora.edu/sports/baseball/stats/2025,https://athletics.aurora.edu/sports/baseball/stats/2024,https://athletics.aurora.edu/sports/baseball/stats/2023,https://athletics.aurora.edu/sports/baseball/stats/2022,pattern given as known-good example
Benedictine University (IL),NACC,benueagles.com,sidearm,https://benueagles.com/sports/baseball/stats/2026,https://benueagles.com/sports/baseball/stats/2025,https://benueagles.com/sports/baseball/stats/2024,https://benueagles.com/sports/baseball/stats/2023,https://benueagles.com/sports/baseball/stats/2022,unverified best guess (search budget exhausted)
Concordia University Chicago,NACC,cucougars.com,sidearm,https://cucougars.com/sports/baseball/stats/2026,https://cucougars.com/sports/baseball/stats/2025,https://cucougars.com/sports/baseball/stats/2024,https://cucougars.com/sports/baseball/stats/2023,https://cucougars.com/sports/baseball/stats/2022,unverified best guess (search budget exhausted)
Concordia University Wisconsin,NACC,cuwfalcons.com,sidearm,https://cuwfalcons.com/sports/baseball/stats/2026,https://cuwfalcons.com/sports/baseball/stats/2025,https://cuwfalcons.com/sports/baseball/stats/2024,https://cuwfalcons.com/sports/baseball/stats/2023,https://cuwfalcons.com/sports/baseball/stats/2022,unverified best guess (search budget exhausted)
Dominican University (IL),NACC,dustars.com,sidearm,https://dustars.com/sports/baseball/stats/2026,https://dustars.com/sports/baseball/stats/2025,https://dustars.com/sports/baseball/stats/2024,https://dustars.com/sports/baseball/stats/2023,https://dustars.com/sports/baseball/stats/2022,unverified best guess; domain low confidence
Edgewood College,NACC,edgewoodcollegeeagles.com,sidearm,https://edgewoodcollegeeagles.com/sports/baseball/stats/2026,https://edgewoodcollegeeagles.com/sports/baseball/stats/2025,https://edgewoodcollegeeagles.com/sports/baseball/stats/2024,https://edgewoodcollegeeagles.com/sports/baseball/stats/2023,https://edgewoodcollegeeagles.com/sports/baseball/stats/2022,unverified best guess (search budget exhausted)
Illinois Institute of Technology,NACC,illinoistechathletics.com,sidearm,https://illinoistechathletics.com/sports/baseball/stats/2026,https://illinoistechathletics.com/sports/baseball/stats/2025,https://illinoistechathletics.com/sports/baseball/stats/2024,https://illinoistechathletics.com/sports/baseball/stats/2023,https://illinoistechathletics.com/sports/baseball/stats/2022,unverified best guess (search budget exhausted)
Lakeland University,NACC,lakelandmuskies.com,sidearm,https://lakelandmuskies.com/sports/baseball/stats/2026,https://lakelandmuskies.com/sports/baseball/stats/2025,https://lakelandmuskies.com/sports/baseball/stats/2024,https://lakelandmuskies.com/sports/baseball/stats/2023,https://lakelandmuskies.com/sports/baseball/stats/2022,unverified best guess (search budget exhausted)
Marian University (WI),NACC,mariansabres.com,sidearm,https://sabreathletics.com/sports/baseball/stats/2026,https://sabreathletics.com/sports/baseball/stats/2025,https://sabreathletics.com/sports/baseball/stats/2024,https://sabreathletics.com/sports/baseball/stats/2023,https://sabreathletics.com/sports/baseball/stats/2022,domain and platform low confidence; verify before use
Milwaukee School of Engineering,NACC,msoeraiders.com,sidearm,https://msoeraiders.com/sports/baseball/stats/2026,https://msoeraiders.com/sports/baseball/stats/2025,https://msoeraiders.com/sports/baseball/stats/2024,https://msoeraiders.com/sports/baseball/stats/2023,https://msoeraiders.com/sports/baseball/stats/2022,unverified best guess (search budget exhausted)
Rockford University,NACC,rockfordregents.com,unknown,https://rockfordregents.com/sports/baseball/stats/2026,https://rockfordregents.com/sports/baseball/stats/2025,https://rockfordregents.com/sports/baseball/stats/2024,https://rockfordregents.com/sports/baseball/stats/2023,https://rockfordregents.com/sports/baseball/stats/2022,platform low confidence; may be presto (/sports/bsb/YYYY-YY/teams/rockford)
St. Norbert College,NACC,athletics.snc.edu,unknown,https://athletics.snc.edu/sports/baseball/stats/2026,https://athletics.snc.edu/sports/baseball/stats/2025,https://athletics.snc.edu/sports/baseball/stats/2024,https://athletics.snc.edu/sports/baseball/stats/2023,https://athletics.snc.edu/sports/baseball/stats/2022,domain and platform low confidence; verify before use
Wisconsin Lutheran College,NACC,wlcsports.com,sidearm,https://wlcsports.com/sports/baseball/stats/2026,https://wlcsports.com/sports/baseball/stats/2025,https://wlcsports.com/sports/baseball/stats/2024,https://wlcsports.com/sports/baseball/stats/2023,https://wlcsports.com/sports/baseball/stats/2022,unverified best guess (search budget exhausted)
Beloit College,Midwest Conference,beloitcollegeathletics.com,sidearm,https://beloitcollegeathletics.com/sports/baseball/stats/2026,https://beloitcollegeathletics.com/sports/baseball/stats/2025,https://beloitcollegeathletics.com/sports/baseball/stats/2024,https://beloitcollegeathletics.com/sports/baseball/stats/2023,https://beloitcollegeathletics.com/sports/baseball/stats/2022,domain+pattern verified via search
Cornell College,Midwest Conference,cornellrams.com,sidearm,https://cornellrams.com/sports/baseball/stats/2026,https://cornellrams.com/sports/baseball/stats/2025,https://cornellrams.com/sports/baseball/stats/2024,https://cornellrams.com/sports/baseball/stats/2023,https://cornellrams.com/sports/baseball/stats/2022,domain+pattern verified via search
Grinnell College,Midwest Conference,pioneers.grinnell.edu,sidearm,https://pioneers.grinnell.edu/sports/baseball/stats/2026,https://pioneers.grinnell.edu/sports/baseball/stats/2025,https://pioneers.grinnell.edu/sports/baseball/stats/2024,https://pioneers.grinnell.edu/sports/baseball/stats/2023,https://pioneers.grinnell.edu/sports/baseball/stats/2022,domain+pattern verified via search
Illinois College,Midwest Conference,illinoiscollegeathletics.com,sidearm,https://illinoiscollegeathletics.com/sports/baseball/stats/2026,https://illinoiscollegeathletics.com/sports/baseball/stats/2025,https://illinoiscollegeathletics.com/sports/baseball/stats/2024,https://illinoiscollegeathletics.com/sports/baseball/stats/2023,https://illinoiscollegeathletics.com/sports/baseball/stats/2022,domain+pattern verified via search
Knox College,Midwest Conference,knoxprairiefire.com,sidearm,https://prairiefire.knox.edu/sports/baseball/stats/2026,https://prairiefire.knox.edu/sports/baseball/stats/2025,https://prairiefire.knox.edu/sports/baseball/stats/2024,https://prairiefire.knox.edu/sports/baseball/stats/2023,https://prairiefire.knox.edu/sports/baseball/stats/2022,best guess; domain unverified (search budget exhausted)
Lawrence University,Midwest Conference,vikings.lawrence.edu,sidearm,https://vikings.lawrence.edu/sports/baseball/stats/2026,https://vikings.lawrence.edu/sports/baseball/stats/2025,https://vikings.lawrence.edu/sports/baseball/stats/2024,https://vikings.lawrence.edu/sports/baseball/stats/2023,https://vikings.lawrence.edu/sports/baseball/stats/2022,domain+pattern verified via search (box score URL)
Monmouth College (IL),Midwest Conference,monmouthscots.com,sidearm,https://monmouthscots.com/sports/baseball/stats/2026,https://monmouthscots.com/sports/baseball/stats/2025,https://monmouthscots.com/sports/baseball/stats/2024,https://monmouthscots.com/sports/baseball/stats/2023,https://monmouthscots.com/sports/baseball/stats/2022,domain from knowledge; unverified
Ripon College,Midwest Conference,riponredhawks.com,sidearm,https://riponredhawks.com/sports/baseball/stats/2026,https://riponredhawks.com/sports/baseball/stats/2025,https://riponredhawks.com/sports/baseball/stats/2024,https://riponredhawks.com/sports/baseball/stats/2023,https://riponredhawks.com/sports/baseball/stats/2022,domain from knowledge; unverified
UW-Eau Claire,WIAC,blugolds.com,sidearm,https://blugolds.com/sports/baseball/stats/2026,https://blugolds.com/sports/baseball/stats/2025,https://blugolds.com/sports/baseball/stats/2024,https://blugolds.com/sports/baseball/stats/2023,https://blugolds.com/sports/baseball/stats/2022,domain from knowledge; unverified
UW-La Crosse,WIAC,uwlathletics.com,sidearm,https://uwlathletics.com/sports/baseball/stats/2026,https://uwlathletics.com/sports/baseball/stats/2025,https://uwlathletics.com/sports/baseball/stats/2024,https://uwlathletics.com/sports/baseball/stats/2023,https://uwlathletics.com/sports/baseball/stats/2022,domain from knowledge; unverified
UW-Oshkosh,WIAC,uwoshkoshtitans.com,sidearm,https://uwoshkoshtitans.com/sports/baseball/stats/2026,https://uwoshkoshtitans.com/sports/baseball/stats/2025,https://uwoshkoshtitans.com/sports/baseball/stats/2024,https://uwoshkoshtitans.com/sports/baseball/stats/2023,https://uwoshkoshtitans.com/sports/baseball/stats/2022,domain from knowledge; unverified
UW-Platteville,WIAC,gopioneers.com,sidearm,https://letsgopioneers.com/sports/baseball/stats/2026,https://letsgopioneers.com/sports/baseball/stats/2025,https://letsgopioneers.com/sports/baseball/stats/2024,https://letsgopioneers.com/sports/baseball/stats/2023,https://letsgopioneers.com/sports/baseball/stats/2022,domain from knowledge; unverified
UW-River Falls,WIAC,uwrfsports.com,sidearm,https://uwrfsports.com/sports/baseball/stats/2026,https://uwrfsports.com/sports/baseball/stats/2025,,,,program reinstated for 2025 season; no 2022-2024 stats pages; domain from knowledge
UW-Stevens Point,WIAC,athletics.uwsp.edu,sidearm,https://athletics.uwsp.edu/sports/baseball/stats/2026,https://athletics.uwsp.edu/sports/baseball/stats/2025,https://athletics.uwsp.edu/sports/baseball/stats/2024,https://athletics.uwsp.edu/sports/baseball/stats/2023,https://athletics.uwsp.edu/sports/baseball/stats/2022,domain from knowledge; unverified
UW-Stout,WIAC,bluedevilathletics.com,sidearm,https://stoutbluedevils.com/sports/baseball/stats/2026,https://stoutbluedevils.com/sports/baseball/stats/2025,https://stoutbluedevils.com/sports/baseball/stats/2024,https://stoutbluedevils.com/sports/baseball/stats/2023,https://stoutbluedevils.com/sports/baseball/stats/2022,domain from knowledge; unverified
UW-Whitewater,WIAC,uwwsports.com,sidearm,https://uwwsports.com/sports/baseball/stats/2026,https://uwwsports.com/sports/baseball/stats/2025,https://uwwsports.com/sports/baseball/stats/2024,https://uwwsports.com/sports/baseball/stats/2023,https://uwwsports.com/sports/baseball/stats/2022,domain+pattern verified via search (box score URL)
Augsburg University,MIAC,athletics.augsburg.edu,sidearm,https://athletics.augsburg.edu/sports/baseball/stats/2026,https://athletics.augsburg.edu/sports/baseball/stats/2025,https://athletics.augsburg.edu/sports/baseball/stats/2024,https://athletics.augsburg.edu/sports/baseball/stats/2023,https://athletics.augsburg.edu/sports/baseball/stats/2022,domain from knowledge; unverified
Bethel University (MN),MIAC,athletics.bethel.edu,sidearm,https://athletics.bethel.edu/sports/baseball/stats/2026,https://athletics.bethel.edu/sports/baseball/stats/2025,https://athletics.bethel.edu/sports/baseball/stats/2024,https://athletics.bethel.edu/sports/baseball/stats/2023,https://athletics.bethel.edu/sports/baseball/stats/2022,domain from knowledge; unverified
Carleton College,MIAC,athletics.carleton.edu,sidearm,https://athletics.carleton.edu/sports/baseball/stats/2026,https://athletics.carleton.edu/sports/baseball/stats/2025,https://athletics.carleton.edu/sports/baseball/stats/2024,https://athletics.carleton.edu/sports/baseball/stats/2023,https://athletics.carleton.edu/sports/baseball/stats/2022,domain from knowledge; unverified
Concordia College (Moorhead),MIAC,cobberathletics.com,presto,https://gocobbers.com/sports/bsb/2025-26/teams/concordiamhead?tmpl=teaminfo-network-monospace-template&sort=ab&pos=h,https://cobberathletics.com/sports/baseball/stats/2025,https://cobberathletics.com/sports/baseball/stats/2024,https://gocobbers.com/sports/bsb/2022-23/teams/concordiamhead?tmpl=teaminfo-network-monospace-template&sort=ab&pos=h,https://cobberathletics.com/sports/baseball/stats/2022,domain from knowledge; unverified
Gustavus Adolphus College,MIAC,gogusties.com,sidearm,https://gogusties.com/sports/baseball/stats/2026,https://gogusties.com/sports/baseball/stats/2025,https://gogusties.com/sports/baseball/stats/2024,https://gogusties.com/sports/baseball/stats/2023,https://gogusties.com/sports/baseball/stats/2022,domain from knowledge; unverified
Hamline University,MIAC,hamlineathletics.com,sidearm,https://hamlineathletics.com/sports/baseball/stats/2026,https://hamlineathletics.com/sports/baseball/stats/2025,https://hamlineathletics.com/sports/baseball/stats/2024,https://hamlineathletics.com/sports/baseball/stats/2023,https://hamlineathletics.com/sports/baseball/stats/2022,domain from knowledge; unverified
Macalester College,MIAC,athletics.macalester.edu,sidearm,https://athletics.macalester.edu/sports/baseball/stats/2026,https://athletics.macalester.edu/sports/baseball/stats/2025,https://athletics.macalester.edu/sports/baseball/stats/2024,https://athletics.macalester.edu/sports/baseball/stats/2023,https://athletics.macalester.edu/sports/baseball/stats/2022,domain from knowledge; unverified
Saint John's University (MN),MIAC,gojohnnies.com,sidearm,https://gojohnnies.com/sports/baseball/stats/2026,https://gojohnnies.com/sports/baseball/stats/2025,https://gojohnnies.com/sports/baseball/stats/2024,https://gojohnnies.com/sports/baseball/stats/2023,https://gojohnnies.com/sports/baseball/stats/2022,domain from knowledge; unverified
Saint Mary's University of Minnesota,MIAC,saintmaryssports.com,sidearm,https://saintmaryssports.com/sports/baseball/stats/2026,https://saintmaryssports.com/sports/baseball/stats/2025,https://saintmaryssports.com/sports/baseball/stats/2024,https://saintmaryssports.com/sports/baseball/stats/2023,https://saintmaryssports.com/sports/baseball/stats/2022,domain from knowledge; unverified
St. Olaf College,MIAC,athletics.stolaf.edu,sidearm,https://athletics.stolaf.edu/sports/baseball/stats/2026,https://athletics.stolaf.edu/sports/baseball/stats/2025,https://athletics.stolaf.edu/sports/baseball/stats/2024,https://athletics.stolaf.edu/sports/baseball/stats/2023,https://athletics.stolaf.edu/sports/baseball/stats/2022,domain from knowledge; unverified
College of St. Scholastica,MIAC,csssaints.com,sidearm,https://csssaints.com/sports/baseball/stats/2026,https://csssaints.com/sports/baseball/stats/2025,https://csssaints.com/sports/baseball/stats/2024,https://csssaints.com/sports/baseball/stats/2023,https://csssaints.com/sports/baseball/stats/2022,domain from knowledge; unverified
George Fox University,Northwest Conference,athletics.georgefox.edu,sidearm,https://athletics.georgefox.edu/sports/baseball/stats/2026,https://athletics.georgefox.edu/sports/baseball/stats/2025,https://athletics.georgefox.edu/sports/baseball/stats/2024,https://athletics.georgefox.edu/sports/baseball/stats/2023,https://athletics.georgefox.edu/sports/baseball/stats/2022,
Lewis & Clark College,Northwest Conference,lcpioneers.com,sidearm,https://lcpioneers.com/sports/baseball/stats/2026,https://lcpioneers.com/sports/baseball/stats/2025,https://lcpioneers.com/sports/baseball/stats/2024,https://lcpioneers.com/sports/baseball/stats/2023,https://lcpioneers.com/sports/baseball/stats/2022,
Linfield University,Northwest Conference,linfieldsports.com,sidearm,https://golinfieldwildcats.com/sports/baseball/stats/2026,https://golinfieldwildcats.com/sports/baseball/stats/2025,https://golinfieldwildcats.com/sports/baseball/stats/2024,https://golinfieldwildcats.com/sports/baseball/stats/2023,https://golinfieldwildcats.com/sports/baseball/stats/2022,unverified; formerly Presto — alt: nwcsports.com/sports/bsb/<YYYY-YY>/teams/linfield
Pacific University (OR),Northwest Conference,goboxers.com,sidearm,https://goboxers.com/sports/baseball/stats/2026,https://goboxers.com/sports/baseball/stats/2025,https://goboxers.com/sports/baseball/stats/2024,https://goboxers.com/sports/baseball/stats/2023,https://goboxers.com/sports/baseball/stats/2022,
Pacific Lutheran University,Northwest Conference,golutes.com,sidearm,https://golutes.com/sports/baseball/stats/2026,https://golutes.com/sports/baseball/stats/2025,https://golutes.com/sports/baseball/stats/2024,https://golutes.com/sports/baseball/stats/2023,https://golutes.com/sports/baseball/stats/2022,
University of Puget Sound,Northwest Conference,loggerathletics.com,sidearm,https://loggerathletics.com/sports/baseball/stats/2026,https://loggerathletics.com/sports/baseball/stats/2025,https://loggerathletics.com/sports/baseball/stats/2024,https://loggerathletics.com/sports/baseball/stats/2023,https://loggerathletics.com/sports/baseball/stats/2022,
Whitman College,Northwest Conference,athletics.whitman.edu,sidearm,https://athletics.whitman.edu/sports/baseball/stats/2026,https://athletics.whitman.edu/sports/baseball/stats/2025,https://athletics.whitman.edu/sports/baseball/stats/2024,https://athletics.whitman.edu/sports/baseball/stats/2023,https://athletics.whitman.edu/sports/baseball/stats/2022,domain unverified
Whitworth University,Northwest Conference,whitworthpirates.com,sidearm,https://whitworthpirates.com/sports/baseball/stats/2026,https://whitworthpirates.com/sports/baseball/stats/2025,https://whitworthpirates.com/sports/baseball/stats/2024,https://whitworthpirates.com/sports/baseball/stats/2023,https://whitworthpirates.com/sports/baseball/stats/2022,
Willamette University,Northwest Conference,willamettebearcats.com,presto,https://www.wubearcats.com/sports/bsb/2025-26/teams/willamette?tmpl=teaminfo-network-monospace-template&sort=ab&pos=h,https://www.wubearcats.com/sports/bsb/2024-25/teams/willamette?tmpl=teaminfo-network-monospace-template&sort=ab&pos=h,https://www.wubearcats.com/sports/bsb/2023-24/teams/willamette?tmpl=teaminfo-network-monospace-template&sort=ab&pos=h,https://www.wubearcats.com/sports/bsb/2022-23/teams/willamette?tmpl=teaminfo-network-monospace-template&sort=ab&pos=h,https://www.wubearcats.com/sports/bsb/2021-22/teams/willamette?tmpl=teaminfo-network-monospace-template&sort=ab&pos=h,domain unverified (formerly wubearcats.com)
California Lutheran University,SCIAC,clusports.com,sidearm,https://clusports.com/sports/baseball/stats/2026,https://clusports.com/sports/baseball/stats/2025,https://clusports.com/sports/baseball/stats/2024,https://clusports.com/sports/baseball/stats/2023,https://clusports.com/sports/baseball/stats/2022,
Caltech,SCIAC,gocaltech.com,sidearm,https://gocaltech.com/sports/baseball/stats/2026,https://gocaltech.com/sports/baseball/stats/2025,https://gocaltech.com/sports/baseball/stats/2024,https://gocaltech.com/sports/baseball/stats/2023,https://gocaltech.com/sports/baseball/stats/2022,
Chapman University,SCIAC,chapmanathletics.com,sidearm,https://chapmanathletics.com/sports/baseball/stats/2026,https://chapmanathletics.com/sports/baseball/stats/2025,https://chapmanathletics.com/sports/baseball/stats/2024,https://chapmanathletics.com/sports/baseball/stats/2023,https://chapmanathletics.com/sports/baseball/stats/2022,
Claremont-Mudd-Scripps,SCIAC,cmsathletics.org,sidearm,https://cmsathletics.org/sports/baseball/stats/2026,https://cmsathletics.org/sports/baseball/stats/2025,https://cmsathletics.org/sports/baseball/stats/2024,https://cmsathletics.org/sports/baseball/stats/2023,https://cmsathletics.org/sports/baseball/stats/2022,
University of La Verne,SCIAC,laverneathletics.com,sidearm,https://leopardathletics.com/sports/baseball/stats/2026,https://leopardathletics.com/sports/baseball/stats/2025,https://leopardathletics.com/sports/baseball/stats/2024,https://leopardathletics.com/sports/baseball/stats/2023,https://leopardathletics.com/sports/baseball/stats/2022,
Occidental College,SCIAC,oxyathletics.com,sidearm,https://oxyathletics.com/sports/baseball/stats/2026,https://oxyathletics.com/sports/baseball/stats/2025,https://oxyathletics.com/sports/baseball/stats/2024,https://oxyathletics.com/sports/baseball/stats/2023,https://oxyathletics.com/sports/baseball/stats/2022,
Pomona-Pitzer,SCIAC,sagehens.com,sidearm,https://sagehens.com/sports/baseball/stats/2026,https://sagehens.com/sports/baseball/stats/2025,https://sagehens.com/sports/baseball/stats/2024,https://sagehens.com/sports/baseball/stats/2023,https://sagehens.com/sports/baseball/stats/2022,
University of Redlands,SCIAC,goredlands.com,sidearm,https://goredlands.com/sports/baseball/stats/2026,https://goredlands.com/sports/baseball/stats/2025,https://goredlands.com/sports/baseball/stats/2024,https://goredlands.com/sports/baseball/stats/2023,https://goredlands.com/sports/baseball/stats/2022,
Whittier College,SCIAC,wcpoets.com,sidearm,https://wcpoets.com/sports/baseball/stats/2026,https://wcpoets.com/sports/baseball/stats/2025,https://wcpoets.com/sports/baseball/stats/2024,https://wcpoets.com/sports/baseball/stats/2023,https://wcpoets.com/sports/baseball/stats/2022,
Brandeis University,UAA,brandeisjudges.com,sidearm,https://brandeisjudges.com/sports/baseball/stats/2026,https://brandeisjudges.com/sports/baseball/stats/2025,https://brandeisjudges.com/sports/baseball/stats/2024,https://brandeisjudges.com/sports/baseball/stats/2023,https://brandeisjudges.com/sports/baseball/stats/2022,
Case Western Reserve University,UAA,athletics.case.edu,sidearm,https://athletics.case.edu/sports/baseball/stats/2026,https://athletics.case.edu/sports/baseball/stats/2025,https://athletics.case.edu/sports/baseball/stats/2024,https://athletics.case.edu/sports/baseball/stats/2023,https://athletics.case.edu/sports/baseball/stats/2022,
University of Chicago,UAA,athletics.uchicago.edu,sidearm,https://athletics.uchicago.edu/sports/baseball/stats/2026,https://athletics.uchicago.edu/sports/baseball/stats/2025,https://athletics.uchicago.edu/sports/baseball/stats/2024,https://athletics.uchicago.edu/sports/baseball/stats/2023,https://athletics.uchicago.edu/sports/baseball/stats/2022,
Emory University,UAA,emoryathletics.com,sidearm,https://emoryathletics.com/sports/baseball/stats/2026,https://emoryathletics.com/sports/baseball/stats/2025,https://emoryathletics.com/sports/baseball/stats/2024,https://emoryathletics.com/sports/baseball/stats/2023,https://emoryathletics.com/sports/baseball/stats/2022,
New York University,UAA,gonyuathletics.com,sidearm,https://gonyuathletics.com/sports/baseball/stats/2026,https://gonyuathletics.com/sports/baseball/stats/2025,https://gonyuathletics.com/sports/baseball/stats/2024,https://gonyuathletics.com/sports/baseball/stats/2023,https://gonyuathletics.com/sports/baseball/stats/2022,
Washington University in St. Louis,UAA,washubears.com,sidearm,https://washubears.com/sports/baseball/stats/2026,https://washubears.com/sports/baseball/stats/2025,https://washubears.com/sports/baseball/stats/2024,https://washubears.com/sports/baseball/stats/2023,https://washubears.com/sports/baseball/stats/2022,
Bob Jones University,Independent,bjubruins.com,sidearm,https://bjubruins.com/sports/baseball/stats/2026,https://bjubruins.com/sports/baseball/stats/2025,https://bjubruins.com/sports/baseball/stats/2024,https://bjubruins.com/sports/baseball/stats/2023,https://bjubruins.com/sports/baseball/stats/2022,
Maranatha Baptist University,Independent,mbusabercats.com,sidearm,https://mbusabercats.com/sports/baseball/stats/2026,https://mbusabercats.com/sports/baseball/stats/2025,https://mbusabercats.com/sports/baseball/stats/2024,https://mbusabercats.com/sports/baseball/stats/2023,https://mbusabercats.com/sports/baseball/stats/2022,best guess; platform and slug unverified
Berry College,SAA,berryvikings.com,sidearm,https://berryvikings.com/sports/baseball/stats/2026,https://berryvikings.com/sports/baseball/stats/2025,https://berryvikings.com/sports/baseball/stats/2024,https://berryvikings.com/sports/baseball/stats/2023,https://berryvikings.com/sports/baseball/stats/2022,confirmed via search
Centre College,SAA,centrecolonels.com,sidearm,https://centrecolonels.com/sports/baseball/stats/2026,https://centrecolonels.com/sports/baseball/stats/2025,https://centrecolonels.com/sports/baseball/stats/2024,https://centrecolonels.com/sports/baseball/stats/2023,https://centrecolonels.com/sports/baseball/stats/2022,confirmed via search
Millsaps College,SAA,gomajors.com,sidearm,https://gomajors.com/sports/baseball/stats/2026,https://gomajors.com/sports/baseball/stats/2025,https://gomajors.com/sports/baseball/stats/2024,https://gomajors.com/sports/baseball/stats/2023,https://gomajors.com/sports/baseball/stats/2022,confirmed via search
Oglethorpe University,SAA,gopetrels.com,sidearm,https://gopetrels.com/sports/baseball/stats/2026,https://gopetrels.com/sports/baseball/stats/2025,https://gopetrels.com/sports/baseball/stats/2024,https://gopetrels.com/sports/baseball/stats/2023,https://gopetrels.com/sports/baseball/stats/2022,confirmed via search
Rhodes College,SAA,rhodeslynx.com,sidearm,https://rhodeslynx.com/sports/baseball/stats/2026,https://rhodeslynx.com/sports/baseball/stats/2025,https://rhodeslynx.com/sports/baseball/stats/2024,https://rhodeslynx.com/sports/baseball/stats/2023,https://rhodeslynx.com/sports/baseball/stats/2022,confirmed via search (sidearm box-score URLs)
Sewanee: The University of the South,SAA,sewaneetigers.com,sidearm,https://sewaneetigers.com/sports/baseball/stats/2026,https://sewaneetigers.com/sports/baseball/stats/2025,https://sewaneetigers.com/sports/baseball/stats/2024,https://sewaneetigers.com/sports/baseball/stats/2023,https://sewaneetigers.com/sports/baseball/stats/2022,confirmed via search
Southwestern University,SAA,southwesternpirates.com,sidearm,https://southwesternpirates.com/sports/baseball/stats/2026,https://southwesternpirates.com/sports/baseball/stats/2025,https://southwesternpirates.com/sports/baseball/stats/2024,https://southwesternpirates.com/sports/baseball/stats/2023,https://southwesternpirates.com/sports/baseball/stats/2022,confirmed via search; was SCAC through 2024
Trinity University (TX),SAA,trinitytigers.com,sidearm,https://trinitytigers.com/sports/baseball/stats/2026,https://trinitytigers.com/sports/baseball/stats/2025,https://trinitytigers.com/sports/baseball/stats/2024,https://trinitytigers.com/sports/baseball/stats/2023,https://trinitytigers.com/sports/baseball/stats/2022,confirmed via search; was SCAC through 2024
Asbury University,Collegiate Conference of the South,asburyeagles.com,sidearm,https://asburyeagles.com/sports/baseball/stats/2026,https://asburyeagles.com/sports/baseball/stats/2025,https://asburyeagles.com/sports/baseball/stats/2024,https://asburyeagles.com/sports/baseball/stats/2023,https://asburyeagles.com/sports/baseball/stats/2022,confirmed via search
Belhaven University,Collegiate Conference of the South,blazersports.com,sidearm,https://blazers.belhaven.edu/sports/baseball/stats/2026,https://blazers.belhaven.edu/sports/baseball/stats/2025,https://blazers.belhaven.edu/sports/baseball/stats/2024,https://blazers.belhaven.edu/sports/baseball/stats/2023,https://blazers.belhaven.edu/sports/baseball/stats/2022,best guess; domain unverified (search budget hit)
Covenant College,Collegiate Conference of the South,athletics.covenant.edu,sidearm,https://athletics.covenant.edu/sports/baseball/stats/2026,https://athletics.covenant.edu/sports/baseball/stats/2025,https://athletics.covenant.edu/sports/baseball/stats/2024,https://athletics.covenant.edu/sports/baseball/stats/2023,https://athletics.covenant.edu/sports/baseball/stats/2022,confirmed via search (sidearm box-score URLs)
Huntingdon College,Collegiate Conference of the South,huntingdonhawks.com,presto,https://huntingdonhawks.com/sports/bsb/2025-26/teams/huntingdon?tmpl=teaminfo-network-monospace-template&sort=ab&pos=h,https://huntingdonhawks.com/sports/bsb/2024-25/teams/huntingdon?tmpl=teaminfo-network-monospace-template&sort=ab&pos=h,https://huntingdonhawks.com/sports/bsb/2023-24/teams/huntingdon?tmpl=teaminfo-network-monospace-template&sort=ab&pos=h,https://huntingdonhawks.com/sports/bsb/2022-23/teams/huntingdon?tmpl=teaminfo-network-monospace-template&sort=ab&pos=h,https://huntingdonhawks.com/sports/baseball/stats/2022,best guess; domain unverified
LaGrange College,Collegiate Conference of the South,lagrangepanthers.com,sidearm,https://lagrangepanthers.com/sports/baseball/stats/2026,https://lagrangepanthers.com/sports/baseball/stats/2025,https://lagrangepanthers.com/sports/baseball/stats/2024,https://lagrangepanthers.com/sports/baseball/stats/2023,https://lagrangepanthers.com/sports/baseball/stats/2022,best guess; domain unverified
Maryville College (TN),Collegiate Conference of the South,mcscots.com,unknown,https://mcscots.com/sports/baseball/stats/2026,https://mcscots.com/sports/baseball/stats/2025,https://mcscots.com/sports/baseball/stats/2024,https://mcscots.com/sports/baseball/stats/2023,https://mcscots.com/sports/baseball/stats/2022,best guess; domain and platform unverified
Piedmont University,Collegiate Conference of the South,piedmontlions.com,sidearm,https://piedmontlions.com/sports/baseball/stats/2026,https://piedmontlions.com/sports/baseball/stats/2025,https://piedmontlions.com/sports/baseball/stats/2024,https://piedmontlions.com/sports/baseball/stats/2023,https://piedmontlions.com/sports/baseball/stats/2022,best guess; domain unverified
Christopher Newport University,Coast to Coast,cnusports.com,sidearm,https://cnusports.com/sports/baseball/stats/2026,https://cnusports.com/sports/baseball/stats/2025,https://cnusports.com/sports/baseball/stats/2024,https://cnusports.com/sports/baseball/stats/2023,https://cnusports.com/sports/baseball/stats/2022,best guess; domain unverified but well known
Johnson & Wales University-Charlotte,Coast to Coast,jwucharlotteathletics.com,sidearm,https://charlotte.jwuathletics.com/sports/baseball/stats/2026,,,,,new program; first season ~2026 so older URLs do not exist; domain unverified
University of Mary Washington,Coast to Coast,umweagles.com,sidearm,https://umweagles.com/sports/baseball/stats/2026,https://umweagles.com/sports/baseball/stats/2025,https://umweagles.com/sports/baseball/stats/2024,https://umweagles.com/sports/baseball/stats/2023,https://umweagles.com/sports/baseball/stats/2022,best guess; domain unverified but well known
Regent University,Coast to Coast,regentroyals.com,unknown,https://regentroyals.com/sports/baseball/stats/2026,,,,,first varsity season 2026; older URLs do not exist; domain unverified
Salisbury University,Coast to Coast,suseagulls.com,sidearm,https://suseagulls.com/sports/baseball/stats/2026,https://suseagulls.com/sports/baseball/stats/2025,https://suseagulls.com/sports/baseball/stats/2024,https://suseagulls.com/sports/baseball/stats/2023,https://suseagulls.com/sports/baseball/stats/2022,best guess; domain unverified but well known
East Texas Baptist University,American Southwest Conference,etbutigers.com,sidearm,https://goetbutigers.com/sports/baseball/stats/2026,https://goetbutigers.com/sports/baseball/stats/2025,https://goetbutigers.com/sports/baseball/stats/2024,https://goetbutigers.com/sports/baseball/stats/2023,https://goetbutigers.com/sports/baseball/stats/2022,best guess; domain unverified
Hardin-Simmons University,American Southwest Conference,hsuathletics.com,sidearm,https://hsuathletics.com/sports/baseball/stats/2026,https://hsuathletics.com/sports/baseball/stats/2025,https://hsuathletics.com/sports/baseball/stats/2024,https://hsuathletics.com/sports/baseball/stats/2023,https://hsuathletics.com/sports/baseball/stats/2022,best guess; domain unverified
Howard Payne University,American Southwest Conference,hpusports.com,sidearm,https://hpusports.com/sports/baseball/stats/2026,https://hpusports.com/sports/baseball/stats/2025,https://hpusports.com/sports/baseball/stats/2024,https://hpusports.com/sports/baseball/stats/2023,https://hpusports.com/sports/baseball/stats/2022,best guess; domain unverified
University of Mary Hardin-Baylor,American Southwest Conference,cruathletics.com,sidearm,https://cruathletics.com/sports/baseball/stats/2026,https://cruathletics.com/sports/baseball/stats/2025,https://cruathletics.com/sports/baseball/stats/2024,https://cruathletics.com/sports/baseball/stats/2023,https://cruathletics.com/sports/baseball/stats/2022,best guess; domain unverified
Austin College,SCAC,acroos.com,presto,https://acroos.com/sports/bsb/2025-26/teams/austin?tmpl=teaminfo-network-monospace-template&sort=ab&pos=h,https://acroos.com/sports/bsb/2024-25/teams/austin?tmpl=teaminfo-network-monospace-template&sort=ab&pos=h,https://acroos.com/sports/bsb/2023-24/teams/austin?tmpl=teaminfo-network-monospace-template&sort=ab&pos=h,https://acroos.com/sports/bsb/2022-23/teams/austin?tmpl=teaminfo-network-monospace-template&sort=ab&pos=h,https://acroos.com/sports/bsb/2021-22/teams/austin?tmpl=teaminfo-network-monospace-template&sort=ab&pos=h,best guess; may be presto (try scacsports.com/sports/bsb/YYYY-YY/teams/austin)
Centenary College (LA),SCAC,gocentenary.com,presto,https://gocentenary.com/sports/bsb/2025-26/teams/centenaryla?tmpl=teaminfo-network-monospace-template&sort=ab&pos=h,https://gocentenary.com/sports/bsb/2024-25/teams/centenaryla?tmpl=teaminfo-network-monospace-template&sort=ab&pos=h,https://gocentenary.com/sports/bsb/2023-24/teams/centenaryla?tmpl=teaminfo-network-monospace-template&sort=ab&pos=h,https://gocentenary.com/sports/bsb/2022-23/teams/centenaryla?tmpl=teaminfo-network-monospace-template&sort=ab&pos=h,https://www.scacsports.com/sports/bsb/2021-22/teams/centenaryla?tmpl=teaminfo-network-monospace-template&sort=ab&pos=h,best guess; domain unverified
Concordia University Texas,SCAC,ctxtornados.com,presto,https://www.scacsports.com/sports/bsb/2025-26/teams/concordiatexas?tmpl=teaminfo-network-monospace-template&sort=ab&pos=h,https://www.scacsports.com/sports/bsb/2024-25/teams/concordiatexas?tmpl=teaminfo-network-monospace-template&sort=ab&pos=h,https://ctxtornados.com/sports/baseball/stats/2024,https://ctxtornados.com/sports/baseball/stats/2023,https://ctxtornados.com/sports/baseball/stats/2022,best guess; domain and platform unverified
University of Dallas,SCAC,udallascrusaders.com,presto,https://www.scacsports.com/sports/bsb/2025-26/teams/dallas?tmpl=teaminfo-network-monospace-template&sort=ab&pos=h,https://www.scacsports.com/sports/bsb/2024-25/teams/dallas?tmpl=teaminfo-network-monospace-template&sort=ab&pos=h,https://www.scacsports.com/sports/bsb/2023-24/teams/dallas?tmpl=teaminfo-network-monospace-template&sort=ab&pos=h,https://www.scacsports.com/sports/bsb/2022-23/teams/dallas?tmpl=teaminfo-network-monospace-template&sort=ab&pos=h,https://www.scacsports.com/sports/bsb/2021-22/teams/dallas?tmpl=teaminfo-network-monospace-template&sort=ab&pos=h,best guess; may be presto (try scacsports.com/sports/bsb/YYYY-YY/teams/dallas)
Hendrix College,SCAC,hendrixwarriors.com,sidearm,https://hendrixwarriors.com/sports/baseball/stats/2026,https://hendrixwarriors.com/sports/baseball/stats/2025,https://hendrixwarriors.com/sports/baseball/stats/2024,https://hendrixwarriors.com/sports/baseball/stats/2023,https://hendrixwarriors.com/sports/baseball/stats/2022,confirmed via search (sidearm box-score URLs)
LeTourneau University,SCAC,letuathletics.com,sidearm,https://letuathletics.com/sports/baseball/stats/2026,https://letuathletics.com/sports/baseball/stats/2025,https://letuathletics.com/sports/baseball/stats/2024,https://letuathletics.com/sports/baseball/stats/2023,https://letuathletics.com/sports/baseball/stats/2022,best guess; domain unverified
McMurry University,SCAC,mcmurrysports.com,sidearm,https://mcmurrysports.com/sports/baseball/stats/2026,https://mcmurrysports.com/sports/baseball/stats/2025,https://mcmurrysports.com/sports/baseball/stats/2024,https://mcmurrysports.com/sports/baseball/stats/2023,https://mcmurrysports.com/sports/baseball/stats/2022,best guess; domain unverified
University of the Ozarks (AR),SCAC,ozarkseagles.com,presto,https://www.scacsports.com/sports/bsb/2025-26/teams/ozarksark?tmpl=teaminfo-network-monospace-template&sort=ab&pos=h,https://www.scacsports.com/sports/bsb/2024-25/teams/ozarksark?tmpl=teaminfo-network-monospace-template&sort=ab&pos=h,https://ozarkseagles.com/sports/baseball/stats/2024,https://ozarkseagles.com/sports/baseball/stats/2023,https://ozarkseagles.com/sports/baseball/stats/2022,best guess; domain and platform unverified
Schreiner University,SCAC,schreinerathletics.com,presto,https://www.scacsports.com/sports/bsb/2025-26/teams/schreiner?tmpl=teaminfo-network-monospace-template&sort=ab&pos=h,https://www.scacsports.com/sports/bsb/2024-25/teams/schreiner?tmpl=teaminfo-network-monospace-template&sort=ab&pos=h,https://www.scacsports.com/sports/bsb/2023-24/teams/schreiner?tmpl=teaminfo-network-monospace-template&sort=ab&pos=h,https://www.scacsports.com/sports/bsb/2022-23/teams/schreiner?tmpl=teaminfo-network-monospace-template&sort=ab&pos=h,https://www.scacsports.com/sports/bsb/2021-22/teams/schreiner?tmpl=teaminfo-network-monospace-template&sort=ab&pos=h,best guess; domain and platform unverified
University of St. Thomas (Houston),SCAC,ustcelts.com,sidearm,https://ustcelts.com/sports/baseball/stats/2026,https://ustcelts.com/sports/baseball/stats/2025,https://ustcelts.com/sports/baseball/stats/2024,https://ustcelts.com/sports/baseball/stats/2023,https://ustcelts.com/sports/baseball/stats/2022,confirmed pattern; SCAC presto alt: scacsports.com/sports/bsb/YYYY-YY/teams/stthomastex
Texas Lutheran University,SCAC,tlubulldogs.com,sidearm,https://tlubulldogs.com/sports/baseball/stats/2026,https://tlubulldogs.com/sports/baseball/stats/2025,https://tlubulldogs.com/sports/baseball/stats/2024,https://tlubulldogs.com/sports/baseball/stats/2023,https://tlubulldogs.com/sports/baseball/stats/2022,best guess; domain unverified
Arcadia University,MAC Freedom,arcadiaknights.com,sidearm,https://arcadiaknights.com/sports/baseball/stats/2026,https://arcadiaknights.com/sports/baseball/stats/2025,https://arcadiaknights.com/sports/baseball/stats/2024,https://arcadiaknights.com/sports/baseball/stats/2023,https://arcadiaknights.com/sports/baseball/stats/2022,confirmed via search
Delaware Valley University,MAC Freedom,athletics.delval.edu,sidearm,https://athletics.delval.edu/sports/baseball/stats/2026,https://athletics.delval.edu/sports/baseball/stats/2025,https://athletics.delval.edu/sports/baseball/stats/2024,https://athletics.delval.edu/sports/baseball/stats/2023,https://athletics.delval.edu/sports/baseball/stats/2022,confirmed via search
DeSales University,MAC Freedom,athletics.desales.edu,sidearm,https://athletics.desales.edu/sports/baseball/stats/2026,https://athletics.desales.edu/sports/baseball/stats/2025,https://athletics.desales.edu/sports/baseball/stats/2024,https://athletics.desales.edu/sports/baseball/stats/2023,https://athletics.desales.edu/sports/baseball/stats/2022,confirmed via search
FDU-Florham,MAC Freedom,fdudevils.com,sidearm,https://fdudevils.com/sports/baseball/stats/2026,https://fdudevils.com/sports/baseball/stats/2025,https://fdudevils.com/sports/baseball/stats/2024,https://fdudevils.com/sports/baseball/stats/2023,https://fdudevils.com/sports/baseball/stats/2022,confirmed via search
King's College (PA),MAC Freedom,kingscollegeathletics.com,sidearm,https://kingscollegeathletics.com/sports/baseball/stats/2026,https://kingscollegeathletics.com/sports/baseball/stats/2025,https://kingscollegeathletics.com/sports/baseball/stats/2024,https://kingscollegeathletics.com/sports/baseball/stats/2023,https://kingscollegeathletics.com/sports/baseball/stats/2022,confirmed via search
Lebanon Valley College,MAC Freedom,godutchmen.com,sidearm,https://godutchmen.com/sports/baseball/stats/2026,https://godutchmen.com/sports/baseball/stats/2025,https://godutchmen.com/sports/baseball/stats/2024,https://godutchmen.com/sports/baseball/stats/2023,https://godutchmen.com/sports/baseball/stats/2022,confirmed via search
Misericordia University,MAC Freedom,athletics.misericordia.edu,sidearm,https://athletics.misericordia.edu/sports/baseball/stats/2026,https://athletics.misericordia.edu/sports/baseball/stats/2025,https://athletics.misericordia.edu/sports/baseball/stats/2024,https://athletics.misericordia.edu/sports/baseball/stats/2023,https://athletics.misericordia.edu/sports/baseball/stats/2022,confirmed via search (box score URLs)
Stevens Institute of Technology,MAC Freedom,stevensducks.com,sidearm,https://stevensducks.com/sports/baseball/stats/2026,https://stevensducks.com/sports/baseball/stats/2025,https://stevensducks.com/sports/baseball/stats/2024,https://stevensducks.com/sports/baseball/stats/2023,https://stevensducks.com/sports/baseball/stats/2022,confirmed via search (box score URLs)
Kean University,NJAC,keanathletics.com,sidearm,https://keanathletics.com/sports/baseball/stats/2026,https://keanathletics.com/sports/baseball/stats/2025,https://keanathletics.com/sports/baseball/stats/2024,https://keanathletics.com/sports/baseball/stats/2023,https://keanathletics.com/sports/baseball/stats/2022,confirmed via search
Montclair State University,NJAC,montclairathletics.com,sidearm,https://montclairathletics.com/sports/baseball/stats/2026,https://montclairathletics.com/sports/baseball/stats/2025,https://montclairathletics.com/sports/baseball/stats/2024,https://montclairathletics.com/sports/baseball/stats/2023,https://montclairathletics.com/sports/baseball/stats/2022,confirmed via search
New Jersey City University,NJAC,keanathletics.com,sidearm,https://keanathletics.com/sports/baseball/stats/2026,https://keanathletics.com/sports/baseball/stats/2025,https://keanathletics.com/sports/baseball/stats/2024,https://keanathletics.com/sports/baseball/stats/2023,https://keanathletics.com/sports/baseball/stats/2022,confirmed via search
Ramapo College,NJAC,ramapoathletics.com,sidearm,https://ramapoathletics.com/sports/baseball/stats/2026,https://ramapoathletics.com/sports/baseball/stats/2025,https://ramapoathletics.com/sports/baseball/stats/2024,https://ramapoathletics.com/sports/baseball/stats/2023,https://ramapoathletics.com/sports/baseball/stats/2022,confirmed via search
Rowan University,NJAC,www.rowanathletics.com,sidearm,https://www.rowanathletics.com/sports/baseball/stats/2026,https://www.rowanathletics.com/sports/baseball/stats/2025,https://www.rowanathletics.com/sports/baseball/stats/2024,https://www.rowanathletics.com/sports/baseball/stats/2023,https://www.rowanathletics.com/sports/baseball/stats/2022,confirmed via search
Rutgers University-Camden,NJAC,scarletraptors.com,sidearm,https://scarletraptors.com/sports/baseball/stats/2026,https://scarletraptors.com/sports/baseball/stats/2025,https://scarletraptors.com/sports/baseball/stats/2024,https://scarletraptors.com/sports/baseball/stats/2023,https://scarletraptors.com/sports/baseball/stats/2022,confirmed via search
Rutgers University-Newark,NJAC,rutgersnewarkathletics.com,sidearm,https://rutgersnewarkathletics.com/sports/baseball/stats/2026,https://rutgersnewarkathletics.com/sports/baseball/stats/2025,https://rutgersnewarkathletics.com/sports/baseball/stats/2024,https://rutgersnewarkathletics.com/sports/baseball/stats/2023,https://rutgersnewarkathletics.com/sports/baseball/stats/2022,confirmed via search incl. 2022 page
Stockton University,NJAC,stocktonathletics.com,sidearm,https://stocktonathletics.com/sports/baseball/stats/2026,https://stocktonathletics.com/sports/baseball/stats/2025,https://stocktonathletics.com/sports/baseball/stats/2024,https://stocktonathletics.com/sports/baseball/stats/2023,https://stocktonathletics.com/sports/baseball/stats/2022,confirmed via search
The College of New Jersey (TCNJ),NJAC,tcnjathletics.com,sidearm,https://tcnjathletics.com/sports/baseball/stats/2026,https://tcnjathletics.com/sports/baseball/stats/2025,https://tcnjathletics.com/sports/baseball/stats/2024,https://tcnjathletics.com/sports/baseball/stats/2023,https://tcnjathletics.com/sports/baseball/stats/2022,sidearm stats page confirmed; year URLs pattern-derived
William Paterson University,NJAC,www.wpupioneers.com,sidearm,https://www.wpupioneers.com/sports/baseball/stats/2026,https://www.wpupioneers.com/sports/baseball/stats/2025,https://www.wpupioneers.com/sports/baseball/stats/2024,https://www.wpupioneers.com/sports/baseball/stats/2023,https://www.wpupioneers.com/sports/baseball/stats/2022,confirmed via search
Allegheny College,Presidents' Athletic Conference,alleghenygators.com,sidearm,https://alleghenygators.com/sports/baseball/stats/2026,https://alleghenygators.com/sports/baseball/stats/2025,https://alleghenygators.com/sports/baseball/stats/2024,https://alleghenygators.com/sports/baseball/stats/2023,https://alleghenygators.com/sports/baseball/stats/2022,confirmed via search
Bethany College (WV),Presidents' Athletic Conference,bethanybison.com,sidearm,https://bethanybison.com/sports/baseball/stats/2026,https://bethanybison.com/sports/baseball/stats/2025,https://bethanybison.com/sports/baseball/stats/2024,https://bethanybison.com/sports/baseball/stats/2023,https://bethanybison.com/sports/baseball/stats/2022,sidearm 2025 confirmed; older seasons may only be on legacy presto www.bethanybison.com/sports/bsb/<YYYY-YY>
Chatham University,Presidents' Athletic Conference,chathamcougars.com,sidearm,https://gochathamcougars.com/sports/baseball/stats/2026,https://gochathamcougars.com/sports/baseball/stats/2025,https://gochathamcougars.com/sports/baseball/stats/2024,https://gochathamcougars.com/sports/baseball/stats/2023,https://gochathamcougars.com/sports/baseball/stats/2022,unconfirmed best guess (search budget exhausted); verify domain/platform/slug
Franciscan University of Steubenville,Presidents' Athletic Conference,athletics.franciscan.edu,sidearm,https://franciscanathletics.com/sports/baseball/stats/2026,https://franciscanathletics.com/sports/baseball/stats/2025,https://franciscanathletics.com/sports/baseball/stats/2024,https://franciscanathletics.com/sports/baseball/stats/2023,https://franciscanathletics.com/sports/baseball/stats/2022,unconfirmed best guess (search budget exhausted); verify domain/platform
Geneva College,Presidents' Athletic Conference,athletics.geneva.edu,sidearm,https://athletics.geneva.edu/sports/baseball/stats/2026,https://athletics.geneva.edu/sports/baseball/stats/2025,https://athletics.geneva.edu/sports/baseball/stats/2024,https://athletics.geneva.edu/sports/baseball/stats/2023,https://athletics.geneva.edu/sports/baseball/stats/2022,unconfirmed best guess (search budget exhausted); verify domain/platform/slug
Grove City College,Presidents' Athletic Conference,athletics.gcc.edu,sidearm,https://athletics.gcc.edu/sports/baseball/stats/2026,https://athletics.gcc.edu/sports/baseball/stats/2025,https://athletics.gcc.edu/sports/baseball/stats/2024,https://athletics.gcc.edu/sports/baseball/stats/2023,https://athletics.gcc.edu/sports/baseball/stats/2022,unconfirmed best guess (search budget exhausted); verify domain/platform/slug
Hiram College,Presidents' Athletic Conference,hiramterriers.com,unknown,https://hiramterriers.com/sports/baseball/stats/2026,https://hiramterriers.com/sports/baseball/stats/2025,https://hiramterriers.com/sports/baseball/stats/2024,https://hiramterriers.com/sports/baseball/stats/2023,https://hiramterriers.com/sports/baseball/stats/2022,unconfirmed best guess (search budget exhausted); platform unknown - sidearm pattern assumed
Saint Vincent College,Presidents' Athletic Conference,athletics.stvincent.edu,sidearm,https://athletics.stvincent.edu/sports/baseball/stats/2026,https://athletics.stvincent.edu/sports/baseball/stats/2025,https://athletics.stvincent.edu/sports/baseball/stats/2024,https://athletics.stvincent.edu/sports/baseball/stats/2023,https://athletics.stvincent.edu/sports/baseball/stats/2022,unconfirmed best guess (search budget exhausted); verify domain/platform/slug
Thiel College,Presidents' Athletic Conference,thieltomcats.com,sidearm,https://thielathletics.com/sports/baseball/stats/2026,https://thielathletics.com/sports/baseball/stats/2025,https://thielathletics.com/sports/baseball/stats/2024,https://thielathletics.com/sports/baseball/stats/2023,https://thielathletics.com/sports/baseball/stats/2022,unconfirmed best guess (search budget exhausted); verify domain/platform/slug
Washington & Jefferson College,Presidents' Athletic Conference,gopresidents.com,sidearm,https://gopresidents.com/sports/baseball/stats/2026,https://gopresidents.com/sports/baseball/stats/2025,https://gopresidents.com/sports/baseball/stats/2024,https://gopresidents.com/sports/baseball/stats/2023,https://gopresidents.com/sports/baseball/stats/2022,unconfirmed best guess (search budget exhausted); verify domain/platform/slug
Waynesburg University,Presidents' Athletic Conference,waynesburgsports.com,sidearm,https://waynesburgsports.com/sports/baseball/stats/2026,https://waynesburgsports.com/sports/baseball/stats/2025,https://waynesburgsports.com/sports/baseball/stats/2024,https://waynesburgsports.com/sports/baseball/stats/2023,https://waynesburgsports.com/sports/baseball/stats/2022,unconfirmed best guess (search budget exhausted); verify domain/platform/slug
Westminster College (PA),Presidents' Athletic Conference,athletics.westminster.edu,sidearm,https://athletics.westminster.edu/sports/baseball/stats/2026,https://athletics.westminster.edu/sports/baseball/stats/2025,https://athletics.westminster.edu/sports/baseball/stats/2024,https://athletics.westminster.edu/sports/baseball/stats/2023,https://athletics.westminster.edu/sports/baseball/stats/2022,unconfirmed best guess (search budget exhausted); verify domain/platform/slug; PAC fallback pacathletics.org/teamstats.aspx?path=baseball&year=<YYYY>
Buena Vista University,American Rivers Conference,bvuathletics.com,sidearm,https://bvuathletics.com/sports/baseball/stats/2026,https://bvuathletics.com/sports/baseball/stats/2025,https://bvuathletics.com/sports/baseball/stats/2024,https://bvuathletics.com/sports/baseball/stats/2023,https://bvuathletics.com/sports/baseball/stats/2022,domain and stats pattern confirmed via web search
Central College (IA),American Rivers Conference,athletics.central.edu,sidearm,https://athletics.central.edu/sports/baseball/stats/2026,https://athletics.central.edu/sports/baseball/stats/2025,https://athletics.central.edu/sports/baseball/stats/2024,https://athletics.central.edu/sports/baseball/stats/2023,https://athletics.central.edu/sports/baseball/stats/2022,domain and Sidearm URL structure confirmed via web search
Coe College,American Rivers Conference,kohawks.com,sidearm,https://kohawkathletics.com/sports/baseball/stats/2026,https://kohawkathletics.com/sports/baseball/stats/2025,https://kohawkathletics.com/sports/baseball/stats/2024,https://kohawkathletics.com/sports/baseball/stats/2023,https://kohawkathletics.com/sports/baseball/stats/2022,Sidearm inferred from DNS (AWS Global Accelerator hosting)
University of Dubuque,American Rivers Conference,udspartans.com,sidearm,https://udspartans.com/sports/baseball/stats/2026,https://udspartans.com/sports/baseball/stats/2025,https://udspartans.com/sports/baseball/stats/2024,https://udspartans.com/sports/baseball/stats/2023,https://udspartans.com/sports/baseball/stats/2022,shares Sidearm hosting IP with bvuathletics.com
Loras College,American Rivers Conference,duhawks.com,sidearm,https://duhawks.com/sports/baseball/stats/2026,https://duhawks.com/sports/baseball/stats/2025,https://duhawks.com/sports/baseball/stats/2024,https://duhawks.com/sports/baseball/stats/2023,https://duhawks.com/sports/baseball/stats/2022,Sidearm inferred from DNS (collegiateathleticnews cluster)
Luther College,American Rivers Conference,luthernorse.com,sidearm,https://luthernorse.com/sports/baseball/stats/2026,https://luthernorse.com/sports/baseball/stats/2025,https://luthernorse.com/sports/baseball/stats/2024,https://luthernorse.com/sports/baseball/stats/2023,https://luthernorse.com/sports/baseball/stats/2022,Sidearm inferred (Rackspace hosting; pattern assumed)
Nebraska Wesleyan University,American Rivers Conference,nwusports.com,sidearm,https://nwusports.com/sports/baseball/stats/2026,https://nwusports.com/sports/baseball/stats/2025,https://nwusports.com/sports/baseball/stats/2024,https://nwusports.com/sports/baseball/stats/2023,https://nwusports.com/sports/baseball/stats/2022,nwusports.com on Sidearm infra; nwusport.com also resolves (generic host)
Simpson College (IA),American Rivers Conference,simpsonathletics.com,presto,https://www.simpsonathletics.com/sports/bsb/2025-26/teams/simpson?tmpl=teaminfo-network-monospace-template&sort=ab&pos=h,https://www.simpsonathletics.com/sports/bsb/2024-25/teams/simpson?tmpl=teaminfo-network-monospace-template&sort=ab&pos=h,https://www.simpsonathletics.com/sports/bsb/2023-24/teams/simpson?tmpl=teaminfo-network-monospace-template&sort=ab&pos=h,https://www.simpsonathletics.com/sports/bsb/2022-23/teams/simpson?tmpl=teaminfo-network-monospace-template&sort=ab&pos=h,https://www.simpsonathletics.com/sports/bsb/2021-22/teams/simpson?tmpl=teaminfo-network-monospace-template&sort=ab&pos=h,Sidearm inferred from DNS (CloudFront hosting)
Wartburg College,American Rivers Conference,go-knights.net,sidearm,https://go-knights.net/sports/baseball/stats/2026,https://go-knights.net/sports/baseball/stats/2025,https://go-knights.net/sports/baseball/stats/2024,https://go-knights.net/sports/baseball/stats/2023,https://go-knights.net/sports/baseball/stats/2022,shares Sidearm hosting IP with athletics.central.edu
Bethany Lutheran College,UMAC,blcvikings.com,sidearm,https://blcvikings.com/sports/baseball/stats/2026,https://blcvikings.com/sports/baseball/stats/2025,https://blcvikings.com/sports/baseball/stats/2024,https://blcvikings.com/sports/baseball/stats/2023,https://blcvikings.com/sports/baseball/stats/2022,Sidearm inferred from DNS (collegiateathleticnews cluster)
Crown College (MN),UMAC,crownstorm.com,sidearm,https://athletics.crown.edu/sports/baseball/stats/2026,https://athletics.crown.edu/sports/baseball/stats/2025,https://athletics.crown.edu/sports/baseball/stats/2024,https://athletics.crown.edu/sports/baseball/stats/2023,https://athletics.crown.edu/sports/baseball/stats/2022,crownstorm.com on Sidearm AWS infra; crownathletics.com also resolves; unverified
Martin Luther College,UMAC,mlcknights.com,sidearm,https://mlcknights.com/sports/baseball/stats/2026,https://mlcknights.com/sports/baseball/stats/2025,https://mlcknights.com/sports/baseball/stats/2024,https://mlcknights.com/sports/baseball/stats/2023,https://mlcknights.com/sports/baseball/stats/2022,best guess; platform and team slug unverified
University of Minnesota Morris,UMAC,morriscougars.com,sidearm,https://morriscougars.com/sports/baseball/stats/2026,https://morriscougars.com/sports/baseball/stats/2025,https://morriscougars.com/sports/baseball/stats/2024,https://morriscougars.com/sports/baseball/stats/2023,https://morriscougars.com/sports/baseball/stats/2022,shares Sidearm hosting IP with bvuathletics.com
North Central University (MN),UMAC,ncurams.com,sidearm,https://ncurams.com/sports/baseball/stats/2026,https://ncurams.com/sports/baseball/stats/2025,https://ncurams.com/sports/baseball/stats/2024,https://ncurams.com/sports/baseball/stats/2023,https://ncurams.com/sports/baseball/stats/2022,domain inferred via DNS (Sidearm hosting block); unverified
University of Northwestern-St. Paul,UMAC,unweagles.com,sidearm,https://unweagles.com/sports/baseball/stats/2026,https://unweagles.com/sports/baseball/stats/2025,https://unweagles.com/sports/baseball/stats/2024,https://unweagles.com/sports/baseball/stats/2023,https://unweagles.com/sports/baseball/stats/2022,Sidearm inferred from DNS (collegiateathleticnews cluster)
UW-Superior,UMAC,uwsyellowjackets.com,sidearm,https://uwsyellowjackets.com/sports/baseball/stats/2026,https://uwsyellowjackets.com/sports/baseball/stats/2025,https://uwsyellowjackets.com/sports/baseball/stats/2024,https://uwsyellowjackets.com/sports/baseball/stats/2023,https://uwsyellowjackets.com/sports/baseball/stats/2022,Sidearm inferred from DNS (collegiateathleticnews cluster)
Blackburn College,SLIAC,blackburnbeavers.com,presto,https://blackburnbeavers.com/sports/bsb/2025-26/teams/blackburn?tmpl=teaminfo-network-monospace-template&sort=ab&pos=h,https://blackburnbeavers.com/sports/bsb/2024-25/teams/blackburn?tmpl=teaminfo-network-monospace-template&sort=ab&pos=h,https://blackburnbeavers.com/sports/bsb/2023-24/teams/blackburn?tmpl=teaminfo-network-monospace-template&sort=ab&pos=h,https://blackburnbeavers.com/sports/bsb/2022-23/teams/blackburn?tmpl=teaminfo-network-monospace-template&sort=ab&pos=h,https://blackburnbeavers.com/sports/bsb/2021-22/teams/blackburn?tmpl=teaminfo-network-monospace-template&sort=ab&pos=h,Sidearm inferred from DNS (CloudFront hosting)
Eureka College,SLIAC,eurekareddevils.com,presto,https://eurekareddevils.com/sports/baseball/stats/2026,https://eurekareddevils.com/sports/bsb/2024-25/teams/eureka?tmpl=teaminfo-network-monospace-template&sort=ab&pos=h,https://eurekareddevils.com/sports/bsb/2023-24/teams/eureka?tmpl=teaminfo-network-monospace-template&sort=ab&pos=h,https://eurekareddevils.com/sports/bsb/2022-23/teams/eureka?tmpl=teaminfo-network-monospace-template&sort=ab&pos=h,https://eurekareddevils.com/sports/bsb/2021-22/teams/eureka?tmpl=teaminfo-network-monospace-template&sort=ab&pos=h,Sidearm inferred from DNS (CloudFront hosting)
Greenville University,SLIAC,gupanthers.com,sidearm,https://greenvillepanthers.com/sports/baseball/stats/2026,https://greenvillepanthers.com/sports/baseball/stats/2025,https://greenvillepanthers.com/sports/baseball/stats/2024,https://greenvillepanthers.com/sports/baseball/stats/2023,https://greenvillepanthers.com/sports/baseball/stats/2022,best guess; platform and team slug unverified (bare EC2 host; not Sidearm infra)
Lyon College (AR),SLIAC,lyonscots.com,sidearm,https://lyonscots.com/sports/baseball/stats/2026,https://lyonscots.com/sports/baseball/stats/2025,https://lyonscots.com/sports/baseball/stats/2024,https://lyonscots.com/sports/baseball/stats/2023,https://lyonscots.com/sports/baseball/stats/2022,shares Sidearm hosting IP with bvuathletics.com
Mississippi University for Women,SLIAC,owlsathletics.com,sidearm,https://owlsathletics.com/sports/baseball/stats/2026,https://owlsathletics.com/sports/baseball/stats/2025,https://owlsathletics.com/sports/baseball/stats/2024,https://owlsathletics.com/sports/baseball/stats/2023,https://owlsathletics.com/sports/baseball/stats/2022,best guess; platform and team slug unverified
Principia College,SLIAC,principiaathletics.com,sidearm,https://principiaathletics.com/sports/baseball/stats/2026,https://principiaathletics.com/sports/baseball/stats/2025,https://principiaathletics.com/sports/baseball/stats/2024,https://principiaathletics.com/sports/baseball/stats/2023,https://principiaathletics.com/sports/baseball/stats/2022,shares Sidearm hosting IP with nwusports.com
Spalding University,SLIAC,spaldingathletics.com,unknown,https://spaldingathletics.com/sports/baseball/stats/2026,https://spaldingathletics.com/sports/baseball/stats/2025,https://spaldingathletics.com/sports/baseball/stats/2024,https://spaldingathletics.com/sports/baseball/stats/2023,https://spaldingathletics.com/sports/baseball/stats/2022,Cloudflare-fronted; platform unverified; Sidearm pattern assumed
Webster University,SLIAC,websterathletics.com,sidearm,https://websterathletics.com/sports/baseball/stats/2026,https://websterathletics.com/sports/baseball/stats/2025,https://websterathletics.com/sports/baseball/stats/2024,https://websterathletics.com/sports/baseball/stats/2023,https://websterathletics.com/sports/baseball/stats/2022,Sidearm inferred from DNS (collegiateathleticnews cluster)
Westminster College (MO),SLIAC,wcbluejays.wcmo.edu,sidearm,https://wcbluejays.wcmo.edu/sports/baseball/stats/2026,https://wcbluejays.wcmo.edu/sports/baseball/stats/2025,https://wcbluejays.wcmo.edu/sports/baseball/stats/2024,https://wcbluejays.wcmo.edu/sports/baseball/stats/2023,https://wcbluejays.wcmo.edu/sports/baseball/stats/2022,Cloudflare-fronted; Sidearm pattern assumed; unverified
